Année,Numéro,Département,Code INSEE,Nom de la commune,Date de première alerte,Surface parcourue (m2),Surface forêt (m2),Surface maquis garrigues (m2),Autres surfaces naturelles hors forêt (m2),Surfaces agricoles (m2),Autres surfaces (m2),Surface autres terres boisées (m2),Surfaces non boisées naturelles (m2),Surfaces non boisées artificialisées (m2),Surfaces non boisées (m2),Précision des surfaces,Type de peuplement,Nature,Décès ou bâtiments touchés,Nombre de décès,Nombre de bâtiments totalement détruits,Nombre de bâtiments partiellement détruits,Précision de la donnée
2024,5,66,66043,Casteil,2024-01-01 12:02:00,2000,2000,0,0,0,0,,,,,Estimées,,Involontaire (particulier),Non,,,,
2024,27351,77,77186,Fontainebleau,2024-01-01 13:48:00,2,2,,0,0,0,,,,,Estimées,,Involontaire (particulier),Non,,,,
2024,20474,11,11322,Roquefort-des-Corbières,2024-01-01 20:42:00,100,10,90,0,0,0,,,,,Mesurées,1,,Non,,,,
2024,353,2B,2B029,Barbaggio,2024-01-03 11:36:00,1946500,0,1946500,0,0,0,,,,,Mesurées,1,Involontaire (travaux),Non,,,,
2024,122,2B,2B124,Ghisoni,2024-01-03 12:59:00,2000,0,2000,0,0,0,,,,,Estimées,,,Non,,,,
2024,124,2B,2B079,Castello-di-Rostino,2024-01-03 23:05:00,35000,0,35000,0,0,0,,,,,Estimées,1,,Non,,,,
2024,127,2B,2B293,Sant'Andréa-di-Cotone,2024-01-04 13:51:00,10000,0,10000,0,0,0,,,,,Estimées,1,,Non,,,,
2024,128,2B,2B356,Zalana,2024-01-04 14:48:00,500,0,500,0,0,0,,,,,Estimées,,,Non,,,,
2024,159,66,66042,Cassagnes,2024-01-08 14:12:00,20000,20000,0,0,0,0,,,,,Mesurées,,Accidentelle,Non,,,,
2024,355,48,48067,Gabriac,2024-01-08 17:33:00,5600,5600,0,0,0,0,,,,,Mesurées,5,,Non,,,,
2024,169,66,66116,Montferrer,2024-01-09 12:33:00,200,200,0,0,0,0,,,,,Estimées,,,Non,,,,
2024,20490,11,11098,Conilhac-Corbières,2024-01-09 16:56:00,17533,0,17533,0,0,0,,,,,Mesurées,1,,Non,,,,
2024,27082,64,64444,Pardies-Piétat,2024-01-14 12:57:00,3,3,,0,0,0,,,,,Estimées,,Involontaire (particulier),Non,0,0,0,
2024,146,2B,2B290,Speloncato,2024-01-15 11:04:00,150000,0,150000,0,0,0,,,,,Estimées,,,Non,,,,
2024,147,2B,2B242,Poggio-Mezzana,2024-01-17 15:25:00,3000,0,3000,0,0,0,,,,,Estimées,,,Non,,,,
2024,20504,11,11031,Belfort-sur-Rebenty,2024-01-18 12:31:00,600,600,0,0,0,0,,,,,Mesurées,,Involontaire (travaux),Non,,,,
2024,22475,88,88124,Darney,2024-01-18 17:57:00,10,10,,0,0,0,,,,,Estimées,,,Non,,,,
2024,143,34,34097,Félines-Minervois,2024-01-18 18:00:00,1632,0,1632,0,0,0,,,,,Mesurées,1,Malveillance,Non,,,,
2024,20095,56,56212,Saint-Dolay,2024-01-18 18:32:00,4,4,,0,0,0,,,,,Estimées,,,Non,,,,
2024,20507,11,11379,Sigean,2024-01-18 19:07:00,10,0,10,0,0,0,,,,,Mesurées,1,Accidentelle,Non,,,,
2024,149,2B,2B046,Cagnano,2024-01-19 05:14:00,300,0,300,0,0,0,,,,,Estimées,,,Non,,,,
2024,19130,13,13055,Marseille,2024-01-19 21:51:00,15,0,15,0,0,0,,,,,Estimées,1,,Non,,,,
2024,151,2B,2B286,Sorbo-Ocagnano,2024-01-20 18:33:00,1500,0,1500,0,0,0,,,,,Estimées,,,Non,,,,
2024,27354,77,77006,Arbonne-la-Forêt,2024-01-21 10:01:00,4,4,,0,0,0,,,,,Estimées,,Involontaire (particulier),Non,,,,
2024,205,66,66150,Prats-de-Mollo-la-Preste,2024-01-21 16:15:00,800,800,0,0,0,0,,,,,Mesurées,,,Non,,,,
2024,154,6,6049,Courmes,2024-01-22 11:48:00,41600,0,41600,0,0,0,,,,,Estimées,1,,Non,,,,
2024,217,2B,2B281,Sisco,2024-01-22 16:45:00,3000,0,3000,0,0,0,,,,,Estimées,,,Non,,,,
2024,28856,7,7025,Barnas,2024-01-22 17:57:00,127700,200,127500,0,0,0,,,,,Mesurées,5,,Non,,,,
2024,218,2B,2B307,Santa-Lucia-di-Moriani,2024-01-23 02:00:00,50000,0,50000,0,0,0,,,,,Estimées,1,,Non,,,,
2024,255,34,34092,Cruzy,2024-01-23 18:39:00,3098,0,3098,0,0,0,,,,,Mesurées,1,Involontaire (travaux),Non,,,,
2024,20515,11,11401,Tuchan,2024-01-24 14:52:00,400,0,400,0,0,0,,,,,Mesurées,1,Involontaire (particulier),Non,,,,
2024,251,34,34079,Clermont-l'Hérault,2024-01-25 18:18:00,17,0,17,0,0,0,,,,,Mesurées,1,Malveillance,Non,,,,
2024,20523,11,11386,Talairan,2024-01-26 15:43:00,11938,0,11438,0,500,0,,,,,Mesurées,1,,Non,,,,
2024,226,2B,2B340,Velone-Orneto,2024-01-26 18:15:00,100,0,100,0,0,0,,,,,Estimées,,,Non,,,,
2024,239,34,34113,Gigean,2024-01-27 10:01:00,5,5,0,0,0,0,,,,,Estimées,2,Malveillance,Non,,,,
2024,19302,13,13047,Istres,2024-01-27 16:10:00,500,500,0,0,0,0,,,,,Estimées,1,Involontaire (particulier),Non,,,,
2024,18934,30,30189,Nîmes,2024-01-27 18:52:00,107,107,0,0,0,0,,,,,Mesurées,,,Non,,,,
2024,29629,25,25318,Jougne,2024-01-27 19:46:36,100,100,,0,0,0,,,,,Estimées,,,Non,0,0,0,
2024,28854,7,7179,Pourchères,2024-01-28 12:30:00,90000,0,90000,0,0,0,,,,,Mesurées,5,Involontaire (travaux),Non,,,,
2024,214,15,15113,Mandailles-Saint-Julien,2024-01-28 13:33:00,2,2,,0,0,0,,,,,Estimées,,Involontaire (travaux),Non,,,,
2024,18935,30,30339,Val-d'Aigoual,2024-01-28 16:10:00,2000,2000,0,0,0,0,,,,,Mesurées,,,Non,,,,
2024,271,5,5126,Rosans,2024-01-29 13:59:00,8100,2700,0,4800,0,600,,,,,Mesurées,5,Involontaire (particulier),Non,,,,
2024,19032,48,48105,Naussac-Fontanes,2024-01-29 14:00:00,1200,1100,0,100,0,0,,,,,Mesurées,4,,,,,,Données partielles ou non valides
2024,26994,40,40184,Mimizan,2024-01-29 15:19:00,1,1,,0,0,0,,,,,Estimées,,Involontaire (particulier),Non,0,0,0,
2024,402,74,74192,Moye,2024-01-29 18:16:00,200,200,,0,0,0,,,,,Estimées,,Involontaire (travaux),Non,,,,
2024,229,2B,2B356,Zalana,2024-01-30 11:12:00,10000,0,10000,0,0,0,,,,,Estimées,1,,Non,,,,
2024,358,6,6135,Sigale,2024-01-30 13:32:00,2000,0,2000,0,0,0,,,,,Estimées,1,,Non,,,,
2024,19532,34,34335,Villemagne-l'Argentière,2024-01-30 14:50:00,2252,0,2252,0,0,0,,,,,Mesurées,1,Involontaire (particulier),Non,,,,
2024,22939,2A,2A130,Grosseto-Prugna,2024-01-30 18:53:00,50,0,50,0,0,0,,,,,Estimées,,,Non,,,,
2024,19191,29,29206,Plounévez-Lochrist,2024-01-30 19:04:00,20,20,,0,0,0,,,,,Estimées,,,Non,,,,
2024,22940,2A,2A247,Porto-Vecchio,2024-01-31 11:08:00,3000,0,3000,0,0,0,,,,,Estimées,,,Non,,,,
2024,268,2B,2B235,Pioggiola,2024-01-31 12:15:00,300,0,300,0,0,0,,,,,Estimées,,,Non,,,,
2024,26996,40,40281,Saint-Pierre-du-Mont,2024-01-31 17:35:00,3,1,,0,0,2,,,,,Estimées,,,Non,0,0,0,
2024,27088,64,64396,Mont,2024-01-31 19:05:00,2,2,,0,0,0,,,,,Estimées,,,Non,0,0,0,
2024,338,2B,2B176,Nocario,2024-02-01 11:11:00,5000,0,5000,0,0,0,,,,,Estimées,1,,Non,,,,
2024,282,5,5024,Valdoule,2024-02-02 12:50:00,4000,4000,0,0,0,0,,,,,Mesurées,5,Involontaire (travaux),Non,,,,
2024,359,6,6050,Coursegoules,2024-02-02 13:45:00,800,0,800,0,0,0,,,,,Estimées,,,Non,,,,
2024,19303,13,13091,Saint-Cannat,2024-02-02 14:36:00,10,10,0,0,0,0,,,,,Estimées,1,Malveillance,Non,,,,
2024,341,2B,2B213,Pianello,2024-02-03 12:13:00,465800,0,465800,0,0,0,,,,,Estimées,1,Malveillance,Non,,,,
2024,342,2B,2B219,Piedicroce,2024-02-03 12:25:00,4000,0,4000,0,0,0,,,,,Estimées,,,Non,,,,
2024,20544,11,11401,Tuchan,2024-02-03 12:27:00,200,0,200,0,0,0,,,,,Mesurées,1,Involontaire (travaux),Non,,,,
2024,28842,7,7220,Saint-Christol,2024-02-03 14:04:00,10000,10000,0,0,0,0,,,,,Estimées,3,Involontaire (travaux),Non,,,,
2024,289,26,26243,Le Poët-Laval,2024-02-03 14:57:00,4300,4300,0,0,0,0,,,,,Estimées,,Malveillance,Non,,,,
2024,19304,13,13017,Boulbon,2024-02-03 15:50:00,20,20,0,0,0,0,,,,,Estimées,1,Involontaire (particulier),Non,,,,
2024,19033,48,48051,Le Collet-de-Dèze,2024-02-03 15:54:00,250,0,250,0,0,0,,,,,Mesurées,1,Involontaire (particulier),Non,,,,
2024,19035,48,48194,Vialas,2024-02-03 16:20:00,150000,0,150000,0,0,0,,,,,Estimées,1,Involontaire (travaux),,,,,Données partielles ou non valides
2024,28674,7,7200,Le Roux,2024-02-03 16:27:00,8000,8000,0,0,0,0,,,,,Estimées,3,Involontaire (travaux),Non,,,,
2024,27213,2A,2A247,Porto-Vecchio,2024-02-03 18:13:00,50,0,50,0,0,0,,,,,Mesurées,,,Non,,,,
2024,18875,15,15223,Sauvat,2024-02-03 19:06:00,500,500,,0,0,0,,,,,Estimées,,Involontaire (travaux),Non,,,,
2024,19941,31,31548,Signac,2024-02-03 19:09:00,40000,40000,,0,0,0,,,,,Estimées,,,Non,,,,
2024,19037,48,48116,Pont de Montvert - Sud Mont Lozère,2024-02-03 20:25:00,10000,0,10000,0,0,0,,,,,Estimées,1,Involontaire (travaux),Non,,,,
2024,19036,48,48053,Cubières,2024-02-03 20:35:00,500,0,500,0,0,0,,,,,Estimées,1,,Non,,,,
2024,520,34,34277,Saint-Maurice-Navacelles,2024-02-04 10:19:00,30519,0,30519,0,0,0,,,,,Mesurées,,Involontaire (travaux),Non,,,,
2024,345,2B,2B171,Muracciole,2024-02-04 10:55:00,1500,0,1500,0,0,0,,,,,Estimées,,,Non,,,,
2024,20546,11,11311,Ribaute,2024-02-04 12:14:00,8124,8124,0,0,0,0,,,,,Mesurées,,,Non,,,,
2024,27659,43,43172,Saint-Bonnet-le-Froid,2024-02-04 13:19:00,6000,6000,,0,0,0,,,,,Estimées,,,Non,,,,
2024,517,34,34144,Lunas,2024-02-04 15:27:00,32247,0,32247,0,0,0,,,,,Mesurées,1,Malveillance,Non,,,,
2024,280,4,4220,Les Thuiles,2024-02-04 15:36:00,12800,5300,0,7500,0,0,,,,,Mesurées,4,Involontaire (particulier),Non,,,,
2024,28845,7,7004,Ajoux,2024-02-05 12:11:00,13000,13000,0,0,0,0,,,,,Mesurées,3,Involontaire (particulier),Non,,,,
2024,28855,7,7093,Genestelle,2024-02-05 13:04:00,100000,10000,90000,0,0,0,,,,,Mesurées,5,Involontaire (particulier),Non,,,,
2024,20402,9,9287,Senconac,2024-02-05 13:43:00,680000,50000,,0,0,630000,,,,,Mesurées,,,Non,,,,
2024,19218,34,34144,Lunas,2024-02-05 13:46:00,140710,140710,0,0,0,0,,,,,Mesurées,3,Malveillance,Non,,,,
2024,347,2B,2B354,Vivario,2024-02-05 14:35:00,20,0,20,0,0,0,,,,,Estimées,,,Non,,,,
2024,346,2B,2B145,Loreto-di-Casinca,2024-02-05 15:08:00,8000,0,8000,0,0,0,,,,,Estimées,1,,Non,,,,
2024,505,34,34138,Lieuran-Cabrières,2024-02-05 15:36:00,5369,0,5369,0,0,0,,,,,Mesurées,1,Involontaire (travaux),Non,,,,
2024,19305,13,13112,Velaux,2024-02-05 16:55:00,350,350,0,0,0,0,,,,,Estimées,1,Malveillance,Non,,,,
2024,19306,13,13059,Meyrargues,2024-02-06 09:03:00,20,0,20,0,0,0,,,,,Estimées,1,,Non,,,,
2024,363,66,66140,Pézilla-la-Rivière,2024-02-06 10:37:00,3812,0,3812,0,0,0,,,,,Mesurées,,Involontaire (particulier),Non,,,,
2024,28838,7,7098,Gourdon,2024-02-06 11:30:00,10000,10000,0,0,0,0,,,,,Estimées,3,Involontaire (travaux),Non,,,,
2024,364,66,66058,Corneilla-la-Rivière,2024-02-06 12:11:00,8070,0,8070,0,0,0,,,,,Mesurées,,Involontaire (travaux),Non,,,,
2024,28676,7,7163,Montselgues,2024-02-06 14:52:00,180000,0,180000,0,0,0,,,,,Estimées,1,Involontaire (travaux),Non,,,,
2024,28851,7,7011,Vallées-d'Antraigues-Asperjoc,2024-02-06 19:15:00,30000,30000,0,0,0,0,,,,,Estimées,3,Involontaire (travaux),Non,,,,
2024,18879,15,15149,Paulhenc,2024-02-07 07:10:00,3000,3000,,0,0,0,,,,,Estimées,,Involontaire (travaux),Non,,,,
2024,19041,48,48194,Vialas,2024-02-07 14:07:00,150000,0,150000,0,0,0,,,,,Estimées,1,Involontaire (travaux),,,,,Données partielles ou non valides
2024,20554,11,11392,Tournissan,2024-02-07 14:15:00,21284,184,20000,0,1100,0,,,,,Mesurées,1,Involontaire (travaux),Non,,,,
2024,26997,40,40283,Saint-Vincent-de-Paul,2024-02-07 14:36:00,100,100,,0,0,0,,,,,Estimées,,Malveillance,Non,0,0,0,
2024,486,34,34228,Rieussec,2024-02-07 14:49:00,4021,0,4021,0,0,0,,,,,Mesurées,1,Malveillance,Non,,,,
2024,20555,11,11401,Tuchan,2024-02-07 15:07:00,6598,0,6598,0,0,0,,,,,Mesurées,1,Involontaire (travaux),Non,,,,
2024,27145,64,64320,Laruns,2024-02-07 15:13:00,244000,15300,,228700,0,0,,,,,Estimées,,Involontaire (travaux),Oui,1,0,0,
2024,20559,11,11265,Niort-de-Sault,2024-02-07 19:36:00,8100,7900,0,0,200,0,,,,,Mesurées,3,,Non,,,,
2024,360,6,6050,Coursegoules,2024-02-08 11:35:00,700,0,700,0,0,0,,,,,Estimées,,,Non,,,,
2024,398,2B,2B352,Ville-di-Paraso,2024-02-08 12:10:00,6000,0,6000,0,0,0,,,,,Estimées,,,Non,,,,
2024,19308,13,13001,Aix-en-Provence,2024-02-08 13:11:00,20,0,20,0,0,0,,,,,Estimées,1,,Non,,,,
2024,394,2B,2B242,Poggio-Mezzana,2024-02-08 13:12:00,60000,0,60000,0,0,0,,,,,Estimées,1,,Non,,,,
2024,478,34,34056,Castelnau-de-Guers,2024-02-08 13:56:00,18366,0,18366,0,0,0,,,,,Mesurées,1,Malveillance,Non,,,,
2024,28718,7,7286,Saint-Pierreville,2024-02-08 14:12:00,1,1,0,0,0,0,,,,,Estimées,3,Naturelle,Non,,,,
2024,558,6,6156,Venanson,2024-02-08 15:35:00,83200,44300,38800,52,0,48,,,,,Mesurées,5,Malveillance,Non,,,,
2024,560,6,6156,Venanson,2024-02-08 15:35:00,14000,4700,9300,0,0,0,,,,,Mesurées,5,Malveillance,Non,,,,
2024,559,6,6156,Venanson,2024-02-08 15:35:00,79333,26290,53000,43,0,0,,,,,Mesurées,1,Malveillance,Non,,,,
2024,19042,48,48144,Sainte-Croix-Vallée-Française,2024-02-08 16:50:00,20200,19800,400,0,0,0,,,,,Mesurées,5,Involontaire (particulier),,,,,Données partielles ou non valides
2024,28675,7,7200,Le Roux,2024-02-08 17:20:00,50000,0,50000,0,0,0,,,,,Estimées,1,Involontaire (travaux),Non,,,,
2024,19043,48,48098,Molezon,2024-02-08 17:55:00,4500,500,0,4000,0,0,,,,,Estimées,1,Involontaire (particulier),Non,,,,
2024,19307,13,13059,Meyrargues,2024-02-08 18:07:00,40,0,40,0,0,0,,,,,Estimées,1,,Non,,,,
2024,473,34,34214,Pouzolles,2024-02-08 18:27:00,14903,0,14903,0,0,0,,,,,Mesurées,1,Malveillance,Non,,,,
2024,396,2B,2B179,Novale,2024-02-08 18:31:00,10000,0,10000,0,0,0,,,,,Estimées,1,,Non,,,,
2024,27214,2A,2A041,Bonifacio,2024-02-08 18:43:00,1000,0,1000,0,0,0,,,,,Mesurées,,,Non,,,,
2024,29623,25,25321,Villers-le-Lac,2024-02-08 21:17:57,100,100,,0,0,0,,,,,Estimées,,,Non,0,0,0,
2024,19131,13,13055,Marseille,2024-02-09 03:25:00,50,0,50,0,0,0,,,,,Estimées,1,,Non,,,,
2024,379,66,66195,Le Soler,2024-02-10 14:01:00,1000,1000,0,0,0,0,,,,,Estimées,,Involontaire (particulier),Non,,,,
2024,19310,13,13001,Aix-en-Provence,2024-02-11 16:10:00,300,300,0,0,0,0,,,,,Estimées,1,Involontaire (particulier),Non,,,,
2024,466,34,34092,Cruzy,2024-02-11 18:47:00,1418,1418,0,0,0,0,,,,,Mesurées,1,Malveillance,Non,,,,
2024,28785,7,7334,Les Vans,2024-02-12 18:26:00,30,30,0,0,0,0,,,,,Estimées,3,Involontaire (travaux),Non,,,,
2024,548,2B,2B138,Lavatoggio,2024-02-13 18:16:00,2000,0,2000,0,0,0,,,,,Estimées,,,Non,,,,
2024,445,66,66166,Sahorre,2024-02-14 12:46:00,500,500,0,0,0,0,,,,,Estimées,,Involontaire (particulier),Non,,,,
2024,550,2B,2B242,Poggio-Mezzana,2024-02-14 14:55:00,300,0,300,0,0,0,,,,,Estimées,,,Non,,,,
2024,549,2B,2B234,Piobetta,2024-02-14 14:55:00,4500,0,4500,0,0,0,,,,,Estimées,,,Non,,,,
2024,20583,11,11110,Coustouge,2024-02-15 02:09:00,100,0,100,0,0,0,,,,,Mesurées,1,Involontaire (travaux),Non,,,,
2024,551,2B,2B096,Corte,2024-02-15 12:07:00,100,0,100,0,0,0,,,,,Estimées,,,Non,,,,
2024,554,2B,2B317,Santa-Reparata-di-Moriani,2024-02-16 11:22:00,30000,0,30000,0,0,0,,,,,Estimées,1,,Non,,,,
2024,555,2B,2B083,Castirla,2024-02-17 05:35:00,50,0,50,0,0,0,,,,,Estimées,,,Non,,,,
2024,29617,25,25157,La Cluse-et-Mijoux,2024-02-17 14:11:56,100,100,,0,0,0,,,,,Estimées,,,Non,0,0,0,
2024,27215,2A,2A362,Zonza,2024-02-17 14:21:00,500,0,500,0,0,0,,,,,Mesurées,,Involontaire (particulier),Non,,,,
2024,19132,13,13055,Marseille,2024-02-17 15:09:00,100,0,100,0,0,0,,,,,Estimées,1,,Non,,,,
2024,29616,25,25056,Besançon,2024-02-18 00:11:41,100,100,,0,0,0,,,,,Estimées,,,Non,0,0,0,
2024,29615,25,25495,Roche-lez-Beaupré,2024-02-18 10:21:39,100,100,,0,0,0,,,,,Estimées,,,Non,0,0,0,
2024,561,6,6050,Coursegoules,2024-02-18 12:04:00,2000,0,2000,0,0,0,,,,,Estimées,1,Malveillance,Non,,,,
2024,590,2B,2B051,Cambia,2024-02-18 12:08:00,50000,0,50000,0,0,0,,,,,Estimées,1,,Non,,,,
2024,440,4,4237,Le Vernet,2024-02-18 18:27:00,500,500,0,0,0,0,,,,,Estimées,,Involontaire (travaux),Non,,,,
2024,591,2B,2B036,Bigorno,2024-02-18 19:32:00,30000,0,30000,0,0,0,,,,,Estimées,1,,Non,,,,
2024,19311,13,13094,Saint-Étienne-du-Grès,2024-02-19 10:06:00,60,60,0,0,0,0,,,,,Mesurées,1,,Non,,,,
2024,19312,13,13058,Maussane-les-Alpilles,2024-02-19 13:56:00,2000,2000,0,0,0,0,,,,,Estimées,1,Involontaire (travaux),Non,,,,
2024,673,4,4081,Esparron-de-Verdon,2024-02-19 14:05:00,18300,18300,0,0,0,0,,,,,Mesurées,6,Involontaire (travaux),Non,,,,
2024,649,34,34058,Castries,2024-02-19 15:30:00,852,852,0,0,0,0,,,,,Estimées,1,Malveillance,Non,,,,
2024,18972,30,30114,Fontanès,2024-02-19 17:17:00,2433,2433,0,0,0,0,,,,,Mesurées,,,Non,,,,
2024,27217,2A,2A004,Ajaccio,2024-02-20 09:06:00,4,0,4,0,0,0,,,,,Estimées,,,Non,,,,
2024,592,2B,2B260,Riventosa,2024-02-20 09:21:00,200,0,200,0,0,0,,,,,Estimées,,,Non,,,,
2024,566,66,66233,Vivès,2024-02-20 11:16:00,1000,1000,0,0,0,0,,,,,Estimées,,Involontaire (particulier),Non,,,,
2024,567,66,66108,Millas,2024-02-20 11:45:00,3000,3000,0,0,0,0,,,,,Estimées,,,Non,,,,
2024,27216,2A,2A200,Palneca,2024-02-20 12:48:00,700,0,700,0,0,0,,,,,Mesurées,,,Non,,,,
2024,595,2B,2B280,Silvareccio,2024-02-20 15:02:00,15000,0,15000,0,0,0,,,,,Estimées,1,,Non,,,,
2024,571,66,66003,Amélie-les-Bains-Palalda,2024-02-20 16:00:00,800,800,0,0,0,0,,,,,Estimées,,Malveillance,Non,,,,
2024,20596,11,11198,Laure-Minervois,2024-02-20 17:03:00,5,0,5,0,0,0,,,,,Mesurées,1,Involontaire (particulier),Non,,,,
2024,640,34,34062,Caussiniojouls,2024-02-20 19:07:00,5479,0,5479,0,0,0,,,,,Mesurées,1,Malveillance,Non,,,,
2024,562,6,6031,Cantaron,2024-02-21 10:11:00,5000,0,5000,0,0,0,,,,,Estimées,4,Accidentelle,Non,,,,
2024,600,2B,2B318,Taglio-Isolaccio,2024-02-21 12:04:00,120000,0,120000,0,0,0,,,,,Estimées,1,,Non,,,,
2024,638,34,34245,Saint-Chinian,2024-02-21 15:11:00,22526,22526,0,0,0,0,,,,,Mesurées,1,Involontaire (travaux),Non,,,,
2024,578,66,66179,Saint-Laurent-de-Cerdans,2024-02-21 17:38:00,30,30,0,0,0,0,,,,,Estimées,,Malveillance,Non,,,,
2024,27218,2A,2A359,Zicavo,2024-02-21 18:33:00,40,0,40,0,0,0,,,,,Mesurées,,,Non,,,,
2024,580,66,66216,Trilla,2024-02-21 21:29:00,2290,0,2290,0,0,0,,,,,Mesurées,,Malveillance,Non,,,,
2024,605,2B,2B205,Patrimonio,2024-02-22 18:19:00,1500,0,1500,0,0,0,,,,,Estimées,,,Non,,,,
2024,18747,2B,2B302,San-Giovanni-di-Moriani,2024-02-23 01:06:00,80000,0,80000,0,0,0,,,,,Estimées,1,,Non,,,,
2024,18748,2B,2B343,Venzolasca,2024-02-23 07:53:00,100,0,100,0,0,0,,,,,Estimées,,,Non,,,,
2024,18749,2B,2B205,Patrimonio,2024-02-23 11:26:00,500,0,500,0,0,0,,,,,Estimées,,,Non,,,,
2024,18750,2B,2B245,Porri,2024-02-23 13:51:00,40000,0,40000,0,0,0,,,,,Estimées,1,,Non,,,,
2024,18755,2B,2B242,Poggio-Mezzana,2024-02-24 06:44:00,3150,0,3150,0,0,0,,,,,Estimées,,,Non,,,,
2024,612,34,34269,Saint-Jean-de-Minervois,2024-02-24 10:34:00,5,5,0,0,0,0,,,,,Estimées,,Malveillance,Non,,,,
2024,18756,2B,2B242,Poggio-Mezzana,2024-02-24 11:45:00,1000,0,1000,0,0,0,,,,,Estimées,,,Non,,,,
2024,611,34,34218,Prades-sur-Vernazobre,2024-02-24 12:32:00,827,827,0,0,0,0,,,,,Mesurées,,Malveillance,Non,,,,
2024,18757,2B,2B265,Rutali,2024-02-24 12:37:00,3500,0,3500,0,0,0,,,,,Estimées,,,Non,,,,
2024,18758,2B,2B234,Piobetta,2024-02-24 13:17:00,20,0,20,0,0,0,,,,,Estimées,,,Non,,,,
2024,18759,2B,2B281,Sisco,2024-02-24 14:14:00,20,0,20,0,0,0,,,,,Estimées,,,Non,,,,
2024,19314,13,13092,Saint-Chamas,2024-02-24 14:29:00,50,50,0,0,0,0,,,,,Estimées,1,,Non,,,,
2024,20612,11,11210,Luc-sur-Orbieu,2024-02-24 17:45:00,25,0,25,0,0,0,,,,,Mesurées,1,Accidentelle,Non,,,,
2024,18760,2B,2B230,Piève,2024-02-26 12:17:00,2000,0,2000,0,0,0,,,,,Estimées,,,Non,,,,
2024,19366,74,74031,Beaumont,2024-02-27 11:34:00,50,50,,0,0,0,,,,,Estimées,,Involontaire (travaux),Non,,,,
2024,28831,7,7187,Prunet,2024-02-28 15:24:00,3000,3000,0,0,0,0,,,,,Estimées,3,Involontaire (travaux),Non,,,,
2024,19315,13,13067,Orgon,2024-02-29 13:14:00,150,150,0,0,0,0,,,,,Estimées,1,Involontaire (particulier),Non,,,,
2024,20620,11,11144,Fitou,2024-02-29 17:59:00,15,0,15,0,0,0,,,,,Mesurées,,Accidentelle,Non,,,,
2024,27802,84,84123,Sault,2024-03-02 13:27:00,10100,7300,0,0,0,2800,,,,,Mesurées,,,Non,,,,
2024,18990,30,30258,Saint-Gilles,2024-03-02 15:10:00,1000,1000,0,0,0,0,,,,,Estimées,,,Non,,,,
2024,22477,88,88094,Châtel-sur-Moselle,2024-03-07 14:50:00,100,100,,0,0,0,,,,,Estimées,,,Non,,,,
2024,18702,6,6074,Lantosque,2024-03-07 15:48:00,2500,0,2500,0,0,0,,,,,Estimées,,,Non,,,,
2024,20631,11,11397,Trèbes,2024-03-08 16:45:00,18,0,18,0,0,0,,,,,Mesurées,,Accidentelle,Non,,,,
2024,19133,13,13055,Marseille,2024-03-12 12:40:00,100,0,100,0,0,0,,,,,Estimées,1,,Non,,,,
2024,19067,66,66179,Saint-Laurent-de-Cerdans,2024-03-13 11:32:00,75000,75000,0,0,0,0,,,,,Mesurées,,Involontaire (particulier),Non,,,,
2024,18812,34,34178,Murviel-lès-Béziers,2024-03-13 14:47:00,10915,10915,0,0,0,0,,,,,Mesurées,1,Involontaire (travaux),Non,,,,
2024,20636,11,11256,Montséret,2024-03-13 21:07:00,800,200,0,0,600,0,,,,,Mesurées,1,Accidentelle,Non,,,,
2024,29596,25,25485,Rémondans-Vaivre,2024-03-14 10:39:24,100,100,,0,0,0,,,,,Estimées,,,Non,0,0,0,
2024,18802,34,34319,Vailhan,2024-03-15 16:21:00,5129,5129,0,0,0,0,,,,,Mesurées,3,Involontaire (travaux),Non,,,,
2024,18801,34,34013,Aspiran,2024-03-15 17:07:00,53993,0,53993,0,0,0,,,,,Mesurées,1,Involontaire (travaux),Non,,,,
2024,26999,40,40227,Pissos,2024-03-16 08:00:00,50,50,,0,0,0,,,,,Estimées,,Involontaire (travaux),Non,0,0,0,
2024,18783,6,6163,Tende,2024-03-16 15:07:00,50,0,50,0,0,0,,,,,Estimées,,Involontaire (particulier),Non,,,,
2024,19044,48,48092,Marvejols,2024-03-16 15:10:00,1724,24,0,0,1700,0,,,,,Mesurées,1,,Non,,,,
2024,19316,13,13091,Saint-Cannat,2024-03-16 16:45:00,2,2,0,0,0,0,,,,,Estimées,1,Malveillance,Non,,,,
2024,20641,11,11122,Douzens,2024-03-18 01:14:00,10,0,10,0,0,0,,,,,Mesurées,,Accidentelle,Non,,,,
2024,27003,40,40312,Tarnos,2024-03-18 07:06:00,50,50,,0,0,0,,,,,Estimées,,Accidentelle,Non,0,0,0,
2024,27002,40,40134,Labouheyre,2024-03-18 15:24:00,4483,4483,,0,0,0,,,,,Mesurées,,Accidentelle,Non,0,0,0,
2024,18852,34,34178,Murviel-lès-Béziers,2024-03-19 11:50:00,722,722,0,0,0,0,,,,,Mesurées,1,Malveillance,Non,,,,
2024,18762,2B,2B143,Linguizzetta,2024-03-19 14:37:00,30,0,30,0,0,0,,,,,Estimées,,,Non,,,,
2024,18999,30,30028,Bagnols-sur-Cèze,2024-03-19 16:15:00,132,132,0,0,0,0,,,,,Mesurées,4,Accidentelle,Non,,,,
2024,20647,11,11258,Moussan,2024-03-19 18:22:00,4000,4000,0,0,0,0,,,,,Mesurées,,Involontaire (travaux),Non,,,,
2024,28765,7,7313,Serrières,2024-03-19 19:56:00,10,0,10,0,0,0,,,,,Estimées,5,,Non,,,,
2024,18847,34,34270,Saint-Jean-de-Védas,2024-03-20 08:12:00,13,0,13,0,0,0,,,,,Mesurées,1,,Non,,,,
2024,27824,84,84089,Pertuis,2024-03-20 12:30:00,47000,2300,0,0,0,44700,,,,,Mesurées,,,Non,,,,
2024,26881,24,24520,Sarlat-la-Canéda,2024-03-20 15:00:00,300,300,,0,0,0,,,,,Estimées,,Malveillance,Non,0,0,0,
2024,18763,2B,2B039,Bisinchi,2024-03-20 16:17:00,5000,0,5000,0,0,0,,,,,Estimées,1,,Non,,,,
2024,19317,13,13092,Saint-Chamas,2024-03-20 18:04:00,300,300,0,0,0,0,,,,,Estimées,1,Involontaire (particulier),Non,,,,
2024,27250,3,3271,Serbannes,2024-03-20 18:12:00,20000,20000,,0,0,0,,,,,Mesurées,,,Non,,,,
2024,23273,38,38106,Cholonge,2024-03-20 18:31:00,1,1,,0,0,0,,,,,Estimées,,,Non,,,,
2024,18764,2B,2B346,Vescovato,2024-03-20 19:00:00,2000,0,2000,0,0,0,,,,,Estimées,,,Non,,,,
2024,18844,34,34132,Lauroux,2024-03-21 11:27:00,1036,1036,0,0,0,0,,,,,Mesurées,1,Involontaire (particulier),Non,,,,
2024,18842,34,34286,Saint-Privat,2024-03-21 13:54:00,7941,0,7941,0,0,0,,,,,Mesurées,1,Involontaire (particulier),Non,,,,
2024,19313,13,13094,Saint-Étienne-du-Grès,2024-03-21 14:35:00,60,60,0,0,0,0,,,,,Estimées,1,,Non,,,,
2024,22218,971,97122,Port-Louis,2024-03-21 15:00:00,71400,7000,,64400,0,0,,,,,Mesurées,,Malveillance,Non,,,,Données partielles ou non valides
2024,20651,11,11125,Embres-et-Castelmaure,2024-03-21 15:33:00,11800,0,11800,0,0,0,,,,,Mesurées,1,Involontaire (travaux),Non,,,,
2024,28853,7,7144,Loubaresse,2024-03-21 15:38:00,60000,0,60000,0,0,0,,,,,Estimées,5,Involontaire (travaux),Non,,,,
2024,19137,4,4116,Les Mées,2024-03-21 18:25:00,80,0,80,0,0,0,,,,,Mesurées,1,,Non,,,,
2024,18765,2B,2B356,Zalana,2024-03-22 12:10:00,100,0,100,0,0,0,,,,,Estimées,,,Non,,,,
2024,28837,7,7093,Genestelle,2024-03-22 14:59:00,8000,0,8000,0,0,0,,,,,Estimées,5,Involontaire (travaux),Non,,,,
2024,28846,7,7096,Gluiras,2024-03-22 16:02:00,15000,15000,0,0,0,0,,,,,Estimées,3,Involontaire (travaux),Non,,,,
2024,27829,84,84130,Suzette,2024-03-22 16:13:00,647,647,0,0,0,0,,,,,Mesurées,,Involontaire (travaux),Non,,,,
2024,19045,48,48028,Les Bondons,2024-03-22 18:46:00,61700,1800,0,59900,0,0,,,,,Mesurées,1,Malveillance,,,,,Données partielles ou non valides
2024,28800,7,7166,Nozières,2024-03-22 18:51:00,100,100,0,0,0,0,,,,,Estimées,3,,Non,,,,
2024,18768,2B,2B167,Montegrosso,2024-03-23 10:52:00,10,0,10,0,0,0,,,,,Estimées,,,Non,,,,
2024,18836,34,34286,Saint-Privat,2024-03-23 11:20:00,2905,0,2905,0,0,0,,,,,Mesurées,1,Involontaire (particulier),Non,,,,
2024,18835,34,34093,Dio-et-Valquières,2024-03-23 11:33:00,5257,0,5257,0,0,0,,,,,Mesurées,1,Malveillance,Non,,,,
2024,18772,2B,2B073,Casamaccioli,2024-03-23 11:59:00,800000,0,800000,0,0,0,,,,,Estimées,1,Malveillance,Non,,,,
2024,18771,2B,2B073,Casamaccioli,2024-03-23 11:59:00,150000,0,150000,0,0,0,,,,,Estimées,1,,Non,,,,
2024,26055,972,97213,Le Lamentin,2024-03-23 13:08:00,200,200,,0,0,0,,,,,Estimées,,Involontaire (travaux),Non,,,,
2024,18774,2B,2B210,Pero-Casevecchie,2024-03-23 13:48:00,15000,15000,0,0,0,0,,,,,Estimées,,,Non,,,,
2024,19046,48,48127,Monts-de-Randon,2024-03-23 15:02:00,3901,1,0,3900,0,0,,,,,Mesurées,1,Involontaire (particulier),Non,,,,
2024,28921,19,19227,Saint-Mexant,2024-03-23 15:12:08,400,400,,0,0,0,,,,,Estimées,,Involontaire (travaux),Non,0,0,0,
2024,19094,66,66127,Opoul-Périllos,2024-03-23 17:14:00,6230,0,6230,0,0,0,,,,,Mesurées,,Accidentelle,Non,,,,
2024,19134,30,30051,Branoux-les-Taillades,2024-03-23 23:43:00,316,316,0,0,0,0,,,,,Mesurées,3,,Non,,,,
2024,19135,30,30051,Branoux-les-Taillades,2024-03-23 23:43:00,367,367,0,0,0,0,,,,,Mesurées,3,,Non,,,,
2024,27834,84,84047,Gargas,2024-03-24 00:16:00,400,400,0,0,0,0,,,,,Estimées,,,Non,,,,
2024,18775,2B,2B227,Pietricaggio,2024-03-24 05:32:00,10000,0,10000,0,0,0,,,,,Estimées,1,,Non,,,,
2024,19318,13,13084,La Roque-d'Anthéron,2024-03-24 08:12:00,400,400,0,0,0,0,,,,,Estimées,1,Involontaire (particulier),Non,,,,
2024,27838,84,84047,Gargas,2024-03-24 10:47:00,1,1,0,0,0,0,,,,,Estimées,,,Non,,,,
2024,18824,34,34178,Murviel-lès-Béziers,2024-03-24 11:01:00,4375,4375,0,0,0,0,,,,,Mesurées,1,Malveillance,Non,,,,
2024,18776,2B,2B356,Zalana,2024-03-24 12:09:00,20000,0,20000,0,0,0,,,,,Estimées,1,,Non,,,,
2024,18777,2B,2B281,Sisco,2024-03-24 13:10:00,1500,0,1500,0,0,0,,,,,Estimées,,,Non,,,,
2024,23194,38,38111,Claix,2024-03-24 13:12:00,1,1,,0,0,0,,,,,Estimées,,,Non,,,,
2024,18778,2B,2B112,Feliceto,2024-03-24 15:27:00,15000,0,15000,0,0,0,,,,,Estimées,1,,Non,,,,
2024,18780,2B,2B145,Loreto-di-Casinca,2024-03-24 16:16:00,50,0,50,0,0,0,,,,,Estimées,,,Non,,,,
2024,18781,2B,2B123,Ghisonaccia,2024-03-24 19:28:00,100,0,100,0,0,0,,,,,Estimées,,,Non,,,,
2024,18782,2B,2B042,Borgo,2024-03-24 19:29:00,1000,0,1000,0,0,0,,,,,Estimées,,,Non,,,,
2024,20659,11,11393,Tourouzelle,2024-03-25 11:51:00,500,0,500,0,0,0,,,,,Mesurées,1,Involontaire (particulier),Non,,,,
2024,28733,7,7286,Saint-Pierreville,2024-03-25 12:04:00,2,2,0,0,0,0,,,,,Estimées,3,Involontaire (travaux),Non,,,,
2024,28839,7,7315,La Souche,2024-03-25 12:08:00,10000,10000,0,0,0,0,,,,,Estimées,3,Involontaire (particulier),Non,,,,
2024,27005,40,40224,Peyrehorade,2024-03-25 15:08:00,1,1,,0,0,0,,,,,Estimées,,,Non,0,0,0,
2024,20662,11,11433,Villeneuve-Minervois,2024-03-27 10:15:00,20,0,20,0,0,0,,,,,Mesurées,,Involontaire (travaux),Non,,,,
2024,19050,2B,2B242,Poggio-Mezzana,2024-03-28 13:25:00,60000,0,60000,0,0,0,,,,,Estimées,1,,Non,,,,
2024,27096,64,64227,Gabaston,2024-03-28 21:04:00,180,20,,0,0,160,,,,,Estimées,,Involontaire (particulier),Non,0,0,0,
2024,20664,11,11148,Fontcouverte,2024-03-29 17:19:00,100,0,100,0,0,0,,,,,Mesurées,,Accidentelle,Non,,,,
2024,26067,972,97213,Le Lamentin,2024-03-29 17:47:00,1000,1000,,0,0,0,,,,,Estimées,,,Non,,,,
2024,18898,15,15153,Pleaux,2024-03-29 20:05:00,1000,1000,,0,0,0,,,,,Estimées,,Naturelle,Non,,,,
2024,19053,2B,2B184,Olcani,2024-03-31 15:26:00,200,0,200,0,0,0,,,,,Estimées,,,Non,,,,
2024,27686,51,51569,Thillois,2024-03-31 23:10:00,5,5,,0,0,0,,,,,Estimées,,,Non,,,,Données partielles ou non valides
2024,20669,11,11379,Sigean,2024-04-03 15:33:00,1000,1000,0,0,0,0,,,,,Mesurées,,,Non,,,,
2024,19056,2B,2B195,Ortiporio,2024-04-03 16:43:00,100,0,100,0,0,0,,,,,Estimées,,,Non,,,,
2024,19057,2B,2B145,Loreto-di-Casinca,2024-04-03 18:44:00,15000,0,15000,0,0,0,,,,,Estimées,1,,Non,,,,
2024,27007,40,40155,Linxe,2024-04-04 14:36:00,500,500,,0,0,0,,,,,Estimées,,,Oui,0,1,0,
2024,19121,66,66019,Bélesta,2024-04-04 14:42:00,4000,0,4000,0,0,0,,,,,Estimées,,Involontaire (particulier),Non,,,,
2024,23197,38,38347,Roybon,2024-04-04 16:13:00,5000,5000,,0,0,0,,,,,Estimées,,Malveillance,Non,,,,
2024,27006,40,40134,Labouheyre,2024-04-04 20:05:00,2,2,,0,0,0,,,,,Estimées,,Involontaire (particulier),Non,0,0,0,
2024,19143,4,4174,Saint-Benoît,2024-04-05 11:48:00,86400,86400,0,0,0,0,,,,,Mesurées,3,Accidentelle,Non,,,,
2024,26886,24,24205,Grignols,2024-04-05 15:17:00,1000,1000,,0,0,0,,,,,Estimées,,Accidentelle,Non,0,0,0,
2024,19047,48,48053,Cubières,2024-04-05 19:38:00,24900,13300,0,0,0,11600,,,,,Mesurées,1,Involontaire (travaux),,,,,Données partielles ou non valides
2024,19048,48,48053,Cubières,2024-04-06 01:00:00,150,0,150,0,0,0,,,,,Estimées,1,Involontaire (travaux),Non,,,,
2024,28841,7,7209,Saint-Andéol-de-Fourchades,2024-04-06 11:43:00,10000,0,10000,0,0,0,,,,,Estimées,5,Involontaire (travaux),Non,,,,
2024,19059,2B,2B167,Montegrosso,2024-04-06 11:57:00,4000,0,4000,0,0,0,,,,,Estimées,,,Non,,,,
2024,26633,87,87065,Feytiat,2024-04-06 12:03:50,20,20,,0,0,0,,,,,Mesurées,,,Non,0,0,0,
2024,19225,39,39339,Chassal-Molinges,2024-04-06 15:21:00,80000,80000,,0,0,0,,,,,Estimées,,,Non,,,,
2024,20670,11,11129,Espéraza,2024-04-06 15:41:00,5000,0,5000,0,0,0,,,,,Mesurées,,,Non,,,,
2024,28919,19,19130,Maussac,2024-04-06 17:06:47,500,500,,0,0,0,,,,,Estimées,,Involontaire (travaux),Non,0,0,0,
2024,27099,64,64256,Hasparren,2024-04-06 19:12:00,200,200,,0,0,0,,,,,Estimées,,,Non,0,0,0,
2024,28330,7,7315,La Souche,2024-04-06 21:45:00,15000,0,15000,0,0,0,,,,,Estimées,1,Involontaire (particulier),Oui,1,0,0,
2024,27850,84,84101,La Roque-sur-Pernes,2024-04-06 22:55:00,1,1,0,0,0,0,,,,,Estimées,,Involontaire (particulier),Non,,,,
2024,19319,13,13001,Aix-en-Provence,2024-04-06 23:54:00,10,10,0,0,0,0,,,,,Estimées,1,Involontaire (particulier),Non,,,,
2024,20070,63,63468,Vollore-Montagne,2024-04-07 11:03:00,350,350,,0,0,0,,,,,Estimées,,,Non,,,,
2024,27852,84,84047,Gargas,2024-04-07 16:30:00,200,200,0,0,0,0,,,,,Estimées,,,Non,,,,
2024,27219,2A,2A310,Santa-Maria-Figaniella,2024-04-08 12:35:00,1500,0,1500,0,0,0,,,,,Mesurées,,,Non,,,,
2024,19049,81,81128,Lacrouzette,2024-04-08 12:59:00,100,100,,0,0,0,,,,,Estimées,,Accidentelle,Non,,,,
2024,19144,4,4047,Champtercier,2024-04-08 13:03:00,19700,19700,0,0,0,0,,,,,Mesurées,5,Accidentelle,Non,,,,
2024,23271,38,38410,Saint-Lattier,2024-04-08 14:17:00,200,200,,0,0,0,,,,,Estimées,,Involontaire (travaux),Non,,,,
2024,19142,6,6049,Courmes,2024-04-08 16:28:00,3000,0,3000,0,0,0,,,,,Estimées,1,Malveillance,Non,,,,
2024,19278,26,26043,Beauvoisin,2024-04-08 16:31:00,50,50,0,0,0,0,,,,,Estimées,,Accidentelle,Non,,,,
2024,26888,24,24147,Cubjac-Auvézère-Val d'Ans,2024-04-08 16:36:00,1000,1000,,0,0,0,,,,,Estimées,,Malveillance,Non,0,0,0,
2024,19227,2B,2B069,Casabianca,2024-04-08 18:11:00,300,0,300,0,0,0,,,,,Estimées,,,Non,,,,
2024,19320,13,13063,Miramas,2024-04-08 18:33:00,20,20,0,0,0,0,,,,,Estimées,1,Accidentelle,Non,,,,
2024,19343,15,15082,Junhac,2024-04-08 19:30:00,80000,30000,,50000,0,0,,,,,Estimées,,Involontaire (travaux),Non,,,,
2024,23198,38,38126,Corenc,2024-04-08 20:23:00,100,100,,0,0,0,,,,,Estimées,,,Non,,,,
2024,19344,15,15025,Albepierre-Bredons,2024-04-08 21:00:00,500,500,,0,0,0,,,,,Estimées,,Involontaire (travaux),Non,,,,
2024,19228,2B,2B037,Biguglia,2024-04-09 20:05:00,4000,0,4000,0,0,0,,,,,Estimées,,,Non,,,,
2024,20099,56,56006,Augan,2024-04-09 21:13:00,50,50,,0,0,0,,,,,Estimées,,,Non,,,,
2024,27857,84,84083,Mornas,2024-04-10 10:28:00,1,1,0,0,0,0,,,,,Estimées,,,Non,,,,
2024,19323,13,13033,Ensuès-la-Redonne,2024-04-10 13:58:00,300,300,0,0,0,0,,,,,Estimées,1,Involontaire (particulier),Non,,,,
2024,19321,13,13067,Orgon,2024-04-10 15:07:00,200,200,0,0,0,0,,,,,Estimées,1,Accidentelle,Non,,,,
2024,19322,13,13048,Jouques,2024-04-10 17:07:00,50,50,0,0,0,0,,,,,Estimées,1,Malveillance,Non,,,,
2024,19189,4,4230,Valensole,2024-04-11 15:59:00,1400,1400,0,0,0,0,,,,,Estimées,,,Non,,,,
2024,19200,66,66049,Céret,2024-04-11 16:01:00,1,1,0,0,0,0,,,,,Estimées,,Malveillance,Non,,,,
2024,20676,11,11244,Montfort-sur-Boulzane,2024-04-11 16:27:00,4,4,0,0,0,0,,,,,Mesurées,,Involontaire (particulier),Non,,,,
2024,20075,63,63162,Fournols,2024-04-11 19:26:00,20,20,,0,0,0,,,,,Estimées,,,Non,,,,
2024,19336,13,13063,Miramas,2024-04-12 10:55:00,20,20,0,0,0,0,,,,,Estimées,1,Accidentelle,Non,,,,
2024,19788,972,97212,Gros-Morne,2024-04-12 13:27:00,90,70,,20,0,0,,,,,Estimées,,Involontaire (travaux),Non,,,,
2024,19229,2B,2B087,Cervione,2024-04-12 13:34:00,1000,0,1000,0,0,0,,,,,Estimées,,,Non,,,,
2024,26128,972,97207,Ducos,2024-04-12 13:54:00,5,5,,0,0,0,,,,,Estimées,,Involontaire (travaux),Non,,,,
2024,20347,67,67324,Niederbronn-les-Bains,2024-04-12 15:27:00,20000,20000,,0,0,0,,,,,Mesurées,,,Non,,,,
2024,25950,73,73257,Les Belleville,2024-04-12 15:58:00,300,300,,0,0,0,,,,,Mesurées,,,,,,,Données partielles ou non valides
2024,28817,7,7200,Le Roux,2024-04-12 20:20:00,500,500,0,0,0,0,,,,,Estimées,3,,Non,,,,
2024,19335,13,13101,Saint-Savournin,2024-04-13 01:46:00,20,20,0,0,0,0,,,,,Estimées,1,Involontaire (particulier),Non,,,,
2024,19205,66,66079,Finestret,2024-04-13 12:12:00,1000,1000,0,0,0,0,,,,,Estimées,,Accidentelle,Non,,,,
2024,28852,7,7153,Mayres,2024-04-13 12:55:00,40000,0,40000,0,0,0,,,,,Estimées,5,Involontaire (travaux),Non,,,,
2024,25812,72,72158,Lavaré,2024-04-13 14:15:00,60000,60000,,0,0,0,,,,,Estimées,,,Non,,,,
2024,19334,13,13040,Fuveau,2024-04-13 15:24:00,30,30,0,0,0,0,,,,,Estimées,1,Involontaire (particulier),Non,,,,
2024,19332,13,13045,Graveson,2024-04-13 17:01:00,30,30,0,0,0,0,,,,,Estimées,1,Involontaire (particulier),Non,,,,
2024,19230,2B,2B206,Penta-Acquatella,2024-04-13 17:12:00,6000,0,6000,0,0,0,,,,,Estimées,1,Malveillance,Non,,,,
2024,28349,30,30137,Lamelouze,2024-04-13 17:40:00,1000,1000,,,,,,,,,Estimées,,Involontaire (travaux),Non,,,,
2024,28804,7,7015,Arras-sur-Rhône,2024-04-13 19:46:00,200,200,0,0,0,0,,,,,Estimées,3,Involontaire (travaux),Non,,,,
2024,19333,13,13041,Gardanne,2024-04-13 20:33:00,100,100,0,0,0,0,,,,,Estimées,1,Malveillance,Non,,,,
2024,26571,23,23025,Bonnat,2024-04-13 21:37:00,500,500,,0,0,0,,,,,Estimées,,Involontaire (particulier),Non,0,0,0,
2024,19210,66,66138,Peyrestortes,2024-04-14 03:16:00,400,400,0,0,0,0,,,,,Estimées,,Malveillance,Non,,,,
2024,27220,2A,2A040,Bocognano,2024-04-14 11:25:00,50,0,50,0,0,0,,,,,Estimées,,,Non,,,,
2024,27221,2A,2A154,Marignana,2024-04-14 12:00:00,100,0,100,0,0,0,,,,,Mesurées,,Malveillance,Non,,,,
2024,27222,2A,2A103,Cuttoli-Corticchiato,2024-04-14 12:50:00,10,0,10,0,0,0,,,,,Estimées,,,Non,,,,
2024,20101,56,56143,Muzillac,2024-04-14 14:37:00,300,300,,0,0,0,,,,,Estimées,,,Non,,,,
2024,19226,48,48075,Ispagnac,2024-04-14 16:20:00,65200,18100,0,0,0,47100,,,,,Mesurées,1,Involontaire (travaux),,,,,Données partielles ou non valides
2024,19231,2B,2B229,Pietroso,2024-04-15 20:41:00,2500,0,2500,0,0,0,,,,,Estimées,,,Non,,,,
2024,19232,2B,2B124,Ghisoni,2024-04-16 06:46:00,300,0,300,0,0,0,,,,,Estimées,,Malveillance,Non,,,,
2024,20116,13,13104,Sausset-les-Pins,2024-04-16 11:47:00,5,5,0,0,0,0,,,,,Estimées,1,Involontaire (particulier),Non,,,,
2024,19331,13,13104,Sausset-les-Pins,2024-04-16 11:47:00,5,5,0,0,0,0,,,,,Estimées,1,Involontaire (particulier),Non,,,,
2024,19233,2B,2B093,Corbara,2024-04-16 13:40:00,1500,0,1500,0,0,0,,,,,Estimées,,,Non,,,,
2024,20688,11,11259,Moussoulens,2024-04-16 14:09:00,400,0,400,0,0,0,,,,,Mesurées,1,Involontaire (particulier),Non,,,,
2024,20689,11,11395,Trassanel,2024-04-16 15:14:00,100,0,100,0,0,0,,,,,Mesurées,,Involontaire (particulier),Non,,,,
2024,20117,13,13014,Berre-l'Étang,2024-04-16 19:48:00,200,200,0,0,0,0,,,,,Estimées,1,Accidentelle,Non,,,,
2024,19330,13,13001,Aix-en-Provence,2024-04-16 19:48:00,200,200,0,0,0,0,,,,,Estimées,1,Accidentelle,Non,,,,
2024,19410,66,66075,Eyne,2024-04-17 11:22:00,5,5,0,0,0,0,,,,,Estimées,,Involontaire (travaux),Non,,,,
2024,20696,11,11262,Narbonne,2024-04-17 17:12:00,7500,0,7500,0,0,0,,,,,Mesurées,,,Non,,,,
2024,19472,34,34188,Olmet-et-Villecun,2024-04-18 12:10:00,735,735,0,0,0,0,,,,,Mesurées,4,Malveillance,Non,,,,
2024,19264,34,34188,Olmet-et-Villecun,2024-04-18 12:10:00,1,1,0,0,0,0,,,,,Mesurées,4,Malveillance,Non,,,,
2024,19470,34,34188,Olmet-et-Villecun,2024-04-18 12:10:00,253,253,0,0,0,0,,,,,Mesurées,4,Malveillance,Non,,,,
2024,19471,34,34188,Olmet-et-Villecun,2024-04-18 12:10:00,4416,4416,0,0,0,0,,,,,Mesurées,3,Malveillance,Non,,,,
2024,19473,34,34188,Olmet-et-Villecun,2024-04-18 12:10:00,1082,1082,0,0,0,0,,,,,Mesurées,4,Malveillance,Non,,,,
2024,20102,56,56172,Plumelec,2024-04-18 18:30:00,5000,5000,,0,0,0,,,,,Estimées,,,Non,,,,
2024,19301,13,13055,Marseille,2024-04-18 19:45:00,1100,0,1100,0,0,0,,,,,Estimées,1,Malveillance,Non,,,,
2024,19257,34,34188,Olmet-et-Villecun,2024-04-19 13:42:00,1,1,0,0,0,0,,,,,Mesurées,4,Malveillance,Non,,,,
2024,20103,56,56200,Ruffiac,2024-04-19 15:33:00,8000,8000,,0,0,0,,,,,Estimées,,,Non,,,,
2024,20705,11,11334,Sainte-Camelle,2024-04-19 18:55:00,50,0,50,0,0,0,,,,,Mesurées,,Involontaire (travaux),Non,,,,
2024,19377,13,13055,Marseille,2024-04-19 20:13:00,10,0,10,0,0,0,,,,,Estimées,1,,Non,,,,
2024,19417,66,66154,Puyvalador,2024-04-20 12:08:00,20,20,0,0,0,0,,,,,Estimées,,Involontaire (particulier),Non,,,,
2024,19418,66,66189,Saleilles,2024-04-20 12:42:00,28635,28635,0,0,0,0,,,,,Mesurées,,,Non,,,,
2024,19250,34,34188,Olmet-et-Villecun,2024-04-20 14:51:00,1,1,0,0,0,0,,,,,Estimées,4,Malveillance,Non,,,,
2024,27223,2A,2A247,Porto-Vecchio,2024-04-20 16:00:00,25000,0,20000,0,0,5000,,,,,Mesurées,,,Non,,,,
2024,26849,33,33519,Le Taillan-Médoc,2024-04-20 16:28:45,15000,15000,,0,0,0,,,,,Estimées,,,Non,0,0,0,
2024,20118,13,13004,Arles,2024-04-20 17:01:00,10000,10000,0,0,0,0,,,,,Estimées,1,Involontaire (travaux),Non,,,,
2024,20710,11,11322,Roquefort-des-Corbières,2024-04-20 17:06:00,2800,0,2800,0,0,0,,,,,Mesurées,4,Involontaire (particulier),Non,,,,
2024,20711,11,11262,Narbonne,2024-04-20 17:30:00,94800,0,94800,0,0,0,,,,,Mesurées,,Involontaire (travaux),Non,,,,
2024,27878,84,84123,Sault,2024-04-21 17:26:32,2,2,,,,,,,,,Estimées,,,Non,,,,
2024,19329,13,13066,Noves,2024-04-21 19:59:00,500,0,500,0,0,0,,,,,Estimées,1,Accidentelle,Non,,,,
2024,20119,13,13066,Noves,2024-04-21 19:59:00,500,500,0,0,0,0,,,,,Estimées,1,Accidentelle,Oui,0,1,0,
2024,19327,13,13077,Port-de-Bouc,2024-04-21 21:43:00,500,500,0,0,0,0,,,,,Estimées,1,Accidentelle,Non,,,,
2024,20120,13,13077,Port-de-Bouc,2024-04-21 21:43:00,500,500,0,0,0,0,,,,,Mesurées,1,Accidentelle,Non,,,,
2024,19325,13,13071,Les Pennes-Mirabeau,2024-04-22 15:20:00,200,200,0,0,0,0,,,,,Estimées,1,Accidentelle,Non,,,,
2024,20122,13,13071,Les Pennes-Mirabeau,2024-04-22 15:20:00,200,200,0,0,0,0,,,,,Estimées,1,Accidentelle,Non,,,,
2024,19326,13,13022,Cassis,2024-04-22 17:43:00,5,5,0,0,0,0,,,,,Estimées,1,,Non,,,,
2024,20121,13,13022,Cassis,2024-04-22 17:43:00,5,5,0,0,0,0,,,,,Estimées,1,,Non,,,,
2024,27188,86,86163,Montamisé,2024-04-22 17:55:00,10000,10000,,0,0,0,,,,,Estimées,,,Non,,,,
2024,26705,33,33480,Saint-Sulpice-de-Faleyrens,2024-04-22 18:42:47,50,50,,0,0,0,,,,,Estimées,,,Non,0,0,0,
2024,20123,13,13071,Les Pennes-Mirabeau,2024-04-22 20:41:00,10000,10000,0,0,0,0,,,,,Mesurées,1,Accidentelle,Non,,,,
2024,19324,13,13071,Les Pennes-Mirabeau,2024-04-22 20:41:00,10000,10000,0,0,0,0,,,,,Estimées,1,Accidentelle,Non,,,,
2024,20725,11,11369,Sallèles-d'Aude,2024-04-23 00:12:00,100,0,100,0,0,0,,,,,Mesurées,,Involontaire (particulier),Non,,,,
2024,27882,84,84012,Beaumes-de-Venise,2024-04-23 11:54:00,550,550,0,0,0,0,,,,,Mesurées,,Involontaire (travaux),Non,,,,
2024,20126,13,13050,Lambesc,2024-04-23 13:58:00,50,50,0,0,0,0,,,,,Estimées,1,Involontaire (particulier),Non,,,,
2024,19487,48,48148,Saint-Étienne-Vallée-Française,2024-04-23 14:26:00,1104,1100,0,0,0,4,,,,,Mesurées,3,Accidentelle,Non,,,,
2024,20330,49,49138,Les Bois d'Anjou,2024-04-23 14:57:00,5000,5000,,0,0,0,,,,,Estimées,,,Non,,,,
2024,20104,56,56114,Locmaria,2024-04-23 15:44:00,30,30,,0,0,0,,,,,Estimées,,,Non,,,,
2024,20124,13,13063,Miramas,2024-04-23 16:13:00,200,200,0,0,0,0,,,,,Estimées,1,,Non,,,,
2024,28849,7,7254,Saint-Julien-du-Serre,2024-04-23 17:18:00,20000,20000,0,0,0,0,,,,,Estimées,4,Involontaire (particulier),Non,,,,
2024,25161,50,50029,Barenton,2024-04-23 20:08:00,6000,6000,,0,0,0,,,,,Estimées,,,Non,,,,
2024,20125,13,13015,Bouc-Bel-Air,2024-04-23 20:53:00,10,10,0,0,0,0,,,,,Estimées,1,Accidentelle,Non,,,,
2024,25814,72,72058,Changé,2024-04-23 23:45:00,7000,7000,,0,0,0,,,,,Estimées,,,Non,,,,
2024,19362,26,26189,Montauban-sur-l'Ouvèze,2024-04-24 10:18:00,5000,5000,0,0,0,0,,,,,Estimées,,Involontaire (particulier),Non,,,,
2024,20127,13,13038,Fontvieille,2024-04-24 11:21:00,300,300,0,0,0,0,,,,,Estimées,1,Involontaire (particulier),Non,,,,
2024,19394,34,34235,Rosis,2024-04-24 14:13:00,711,711,0,0,0,0,,,,,Mesurées,1,Involontaire (travaux),Non,,,,
2024,25815,72,72187,Marigné-Laillé,2024-04-24 15:48:00,20000,20000,,0,0,0,,,,,Estimées,,,Non,,,,
2024,20733,11,11262,Narbonne,2024-04-24 15:55:00,5000,0,5000,0,0,0,,,,,Mesurées,1,Involontaire (particulier),Non,,,,
2024,19378,6,6031,Cantaron,2024-04-25 12:48:00,100,0,100,0,0,0,,,,,Estimées,,Involontaire (travaux),Non,,,,
2024,27890,84,84118,Saint-Saturnin-lès-Apt,2024-04-25 14:44:00,40,40,0,0,0,0,,,,,Estimées,,,Non,,,,
2024,19628,74,74244,Saint-Laurent,2024-04-26 11:11:00,10,10,,0,0,0,,,,,Estimées,,Involontaire (particulier),Non,,,,
2024,19434,66,66103,Marquixanes,2024-04-27 16:36:00,700,700,0,0,0,0,,,,,Estimées,,Malveillance,Non,,,,
2024,19506,2B,2B177,Noceta,2024-04-29 18:54:00,250,0,250,0,0,0,,,,,Estimées,,,Non,,,,
2024,27224,2A,2A272,Sartène,2024-04-30 10:30:00,100,0,100,0,0,0,,,,,Estimées,,,Non,,,,
2024,27225,2A,2A212,Piana,2024-04-30 12:15:00,50,0,50,0,0,0,,,,,Estimées,,,Non,,,,
2024,19507,2B,2B172,Murato,2024-04-30 13:45:00,10,0,10,0,0,0,,,,,Estimées,,,Non,,,,
2024,26174,972,97213,Le Lamentin,2024-05-04 13:29:00,50,50,,0,0,0,,,,,Estimées,,,Non,,,,
2024,19671,29,29232,Quimper,2024-05-06 20:53:00,5,5,,0,0,0,,,,,Mesurées,,,Non,,,,
2024,19509,2B,2B088,Chiatra,2024-05-06 21:17:00,600,0,600,0,0,0,,,,,Estimées,,,Non,,,,
2024,19510,2B,2B314,Santo-Pietro-di-Tenda,2024-05-07 16:15:00,2000,0,2000,0,0,0,,,,,Estimées,,Involontaire (travaux),Non,,,,
2024,20128,13,13056,Martigues,2024-05-08 14:52:00,200,200,0,0,0,0,,,,,Estimées,1,Involontaire (particulier),Non,,,,
2024,25816,72,72385,Yvré-le-Pôlin,2024-05-08 19:21:00,10,10,,0,0,0,,,,,Estimées,,,Non,,,,
2024,20129,13,13056,Martigues,2024-05-08 19:59:00,10,10,0,0,0,0,,,,,Estimées,1,Accidentelle,Non,,,,
2024,25956,73,73107,Entremont-le-Vieux,2024-05-10 14:12:00,800,800,,0,0,0,,,,,Mesurées,,,,,,,Données partielles ou non valides
2024,27907,84,84091,Piolenc,2024-05-10 17:15:00,20,20,0,0,0,0,,,,,Estimées,,,Non,,,,
2024,19629,74,74042,Bonneville,2024-05-11 10:28:00,1,1,,0,0,0,,,,,Estimées,,Involontaire (particulier),Non,,,,
2024,20105,56,56229,Saint-Martin-sur-Oust,2024-05-11 11:31:00,50,50,,0,0,0,,,,,Estimées,,,Non,,,,
2024,27011,40,40154,Lévignacq,2024-05-11 20:50:00,3000,3000,,0,0,0,,,,,Estimées,,Naturelle,Non,0,0,0,
2024,27359,77,77186,Fontainebleau,2024-05-12 13:18:00,5,5,,0,0,0,,,,,Estimées,,Involontaire (particulier),Non,,,,
2024,26215,972,97208,Fonds-Saint-Denis,2024-05-12 15:33:00,10,10,,0,0,0,,,,,Estimées,,,Non,,,,
2024,27012,40,40227,Pissos,2024-05-12 15:34:00,50,50,,0,0,0,,,,,Estimées,,Naturelle,Non,0,0,0,
2024,27013,40,40182,Mézos,2024-05-12 16:35:00,1,1,,0,0,0,,,,,Estimées,,,Non,0,0,0,
2024,29559,25,25417,Naisey-les-Granges,2024-05-12 17:11:00,100,100,,0,0,0,,,,,Estimées,,,Non,,,,
2024,20130,13,13005,Aubagne,2024-05-12 18:46:00,5,5,0,0,0,0,,,,,Estimées,1,Accidentelle,Non,,,,
2024,25818,72,72058,Changé,2024-05-13 00:06:00,100,100,,0,0,0,,,,,Estimées,,,Non,,,,
2024,19552,2B,2B229,Pietroso,2024-05-13 15:22:00,4000,0,4000,0,0,0,,,,,Estimées,,Malveillance,Non,,,,
2024,20131,13,13072,Peynier,2024-05-14 00:44:00,20,20,0,0,0,0,,,,,Estimées,1,,Non,,,,
2024,27226,2A,2A114,Figari,2024-05-14 16:52:00,200,0,200,0,0,0,,,,,Mesurées,,Involontaire (particulier),Non,,,,
2024,20106,56,56081,Guiscriff,2024-05-16 15:53:00,20,20,,0,0,0,,,,,Estimées,,,Non,,,,
2024,27014,40,40065,Capbreton,2024-05-17 15:57:00,53,50,,0,3,0,,,,,Estimées,,Accidentelle,Non,0,0,0,
2024,27228,2A,2A104,Eccica-Suarella,2024-05-18 11:11:00,40,0,40,0,0,0,,,,,Estimées,,,Non,,,,
2024,19556,2B,2B179,Novale,2024-05-18 11:33:00,5000,0,5000,0,0,0,,,,,Estimées,1,,Non,,,,
2024,27227,2A,2A006,Alata,2024-05-18 16:57:00,30,0,30,0,0,0,,,,,Estimées,,,Non,,,,
2024,20757,11,11161,Gardie,2024-05-19 12:02:00,50,50,0,0,0,0,,,,,Mesurées,,,Non,,,,
2024,19560,2B,2B020,Aregno,2024-05-22 14:13:00,5500,0,5500,0,0,0,,,,,Estimées,1,Involontaire (particulier),Non,,,,
2024,20761,11,11188,La Palme,2024-05-24 12:17:00,100,0,100,0,0,0,,,,,Mesurées,1,Accidentelle,Non,,,,
2024,25820,72,72221,Nogent-sur-Loir,2024-05-25 19:01:00,1,1,,0,0,0,,,,,Estimées,,,Non,,,,
2024,27229,2A,2A032,Bastelicaccia,2024-05-26 14:03:00,20,0,20,0,0,0,,,,,Estimées,,,Non,,,,
2024,28370,30,30052,Bréau-Mars,2024-05-26 16:01:00,1000,1000,,,,,,,,,Estimées,,,Non,,,,
2024,20768,11,11262,Narbonne,2024-05-26 23:13:00,2000,0,2000,0,0,0,,,,,Mesurées,,,Non,,,,
2024,19657,2B,2B034,Belgodère,2024-05-27 11:12:00,3000,0,3000,0,0,0,,,,,Estimées,,Malveillance,Non,,,,
2024,27232,2A,2A103,Cuttoli-Corticchiato,2024-05-27 14:08:00,50,0,50,0,0,0,,,,,Estimées,,Involontaire (particulier),Non,,,,
2024,27231,2A,2A065,Cargèse,2024-05-27 16:03:00,50,0,50,0,0,0,,,,,Estimées,,Involontaire (travaux),Non,,,,
2024,27230,2A,2A272,Sartène,2024-05-27 18:14:00,3000,0,3000,0,0,0,,,,,Estimées,,Involontaire (travaux),Non,,,,
2024,20133,13,13059,Meyrargues,2024-05-27 18:55:00,20,20,0,0,0,0,,,,,Estimées,1,Accidentelle,Non,,,,
2024,27234,2A,2A247,Porto-Vecchio,2024-05-28 13:14:00,500,0,500,0,0,0,,,,,Estimées,,Involontaire (particulier),Non,,,,
2024,27235,2A,2A310,Santa-Maria-Figaniella,2024-05-28 17:20:00,150,0,150,0,0,0,,,,,Estimées,,Involontaire (particulier),Non,,,,
2024,27233,2A,2A114,Figari,2024-05-28 17:20:00,15,0,15,0,0,0,,,,,Estimées,,,Non,,,,
2024,20134,13,13002,Allauch,2024-05-28 18:54:00,20,20,0,0,0,0,,,,,Estimées,1,Involontaire (particulier),Non,,,,
2024,20135,13,13028,La Ciotat,2024-05-29 06:11:00,2,2,0,0,0,0,,,,,Estimées,1,Involontaire (particulier),Non,,,,
2024,27236,2A,2A130,Grosseto-Prugna,2024-05-30 12:35:00,10,0,10,0,0,0,,,,,Estimées,,,Non,,,,
2024,27237,2A,2A288,Sotta,2024-05-30 12:44:00,50,0,50,0,0,0,,,,,Estimées,,,Non,,,,
2024,20771,11,11116,Cuxac-d'Aude,2024-05-30 14:22:00,200,0,200,0,0,0,,,,,Mesurées,1,Involontaire (travaux),Non,,,,
2024,28374,30,30346,Vers-Pont-du-Gard,2024-05-30 16:32:00,1000,1000,,,,,,,,,Estimées,,,Non,,,,
2024,26712,33,33466,Saint-Quentin-de-Baron,2024-05-30 17:48:24,1,1,,0,0,0,,,,,Estimées,,,Non,0,0,0,
2024,29553,25,25258,Franois,2024-05-31 09:12:47,100,100,,0,0,0,,,,,Estimées,,,Non,0,0,0,
2024,20136,13,13039,Fos-sur-Mer,2024-05-31 13:45:00,100,100,0,0,0,0,,,,,Estimées,1,,Non,,,,
2024,19617,34,34165,Montbazin,2024-05-31 16:51:00,394,0,394,0,0,0,,,,,Mesurées,,Involontaire (travaux),Non,,,,
2024,27239,2A,2A254,Quenza,2024-05-31 22:00:00,80,0,80,0,0,0,,,,,Estimées,,,Non,,,,
2024,27238,2A,2A189,Olmeto,2024-05-31 22:22:00,20,0,20,0,0,0,,,,,Estimées,,,Non,,,,
2024,19660,2B,2B185,Oletta,2024-06-01 11:19:00,10000,0,10000,0,0,0,,,,,Estimées,1,,Non,,,,
2024,20781,11,11185,Lagrasse,2024-06-03 10:42:00,40,40,0,0,0,0,,,,,Mesurées,,Accidentelle,Non,,,,
2024,20783,11,11341,Saint-Ferriol,2024-06-03 15:06:00,230,0,230,0,0,0,,,,,Mesurées,,Accidentelle,Non,,,,
2024,27016,40,40123,Herm,2024-06-03 16:17:00,118,118,,0,0,0,,,,,Estimées,,,Non,0,0,0,
2024,20784,11,11202,Leucate,2024-06-04 01:10:00,100,100,0,0,0,0,,,,,Mesurées,4,Malveillance,Non,,,,
2024,20788,11,11296,Pouzols-Minervois,2024-06-04 16:52:51,350,350,,,,,,,,,Mesurées,,,Non,0,0,0,
2024,26499,17,17074,Bussac-Forêt,2024-06-05 02:29:00,200,200,,0,0,0,,,,,Estimées,,,Non,0,0,0,
2024,26715,33,33239,Lerm-et-Musset,2024-06-05 11:29:34,200,200,,0,0,0,,,,,Estimées,,,Non,0,0,0,
2024,20791,11,11379,Sigean,2024-06-05 15:38:00,200,0,200,0,0,0,,,,,Mesurées,,,Non,,,,
2024,20138,13,13056,Martigues,2024-06-07 12:15:00,150,150,0,0,0,0,,,,,Estimées,1,Involontaire (particulier),Non,,,,
2024,20137,13,13113,Venelles,2024-06-07 12:15:00,5,5,0,0,0,0,,,,,Estimées,1,Involontaire (particulier),Non,,,,
2024,20107,56,56122,Loyat,2024-06-07 14:23:00,500,500,,0,0,0,,,,,Estimées,,,Non,,,,
2024,19712,2B,2B123,Ghisonaccia,2024-06-07 16:50:00,30000,0,30000,0,0,0,,,,,Estimées,1,Involontaire (travaux),Non,,,,
2024,27240,2A,2A362,Zonza,2024-06-07 18:05:00,633,0,633,0,0,0,,,,,Mesurées,,Involontaire (particulier),Non,,,,
2024,20139,13,13033,Ensuès-la-Redonne,2024-06-07 19:44:00,200,200,0,0,0,0,,,,,Estimées,1,,Non,,,,
2024,20140,13,13056,Martigues,2024-06-08 16:55:00,1000,1000,0,0,0,0,,,,,Estimées,1,Malveillance,Non,,,,
2024,20203,89,89083,Charbuy,2024-06-08 17:36:00,4,4,,0,0,0,,,,,Mesurées,,Malveillance,Non,,,,
2024,20260,56,56122,Loyat,2024-06-08 19:18:00,10,10,,0,0,0,,,,,Estimées,,,Non,,,,
2024,19680,13,13055,Marseille,2024-06-08 21:13:00,40,0,40,0,0,0,,,,,Estimées,1,Involontaire (particulier),Non,,,,
2024,27938,84,84083,Mornas,2024-06-09 01:31:41,2000,2000,,,,,,,,,Mesurées,,,Non,,,,
2024,27241,2A,2A359,Zicavo,2024-06-09 21:54:00,50,0,50,0,0,0,,,,,Estimées,,,Non,,,,
2024,27939,84,84078,Mondragon,2024-06-10 07:32:38,1,1,,,,,,,,,Estimées,,,Non,,,,
2024,20141,13,13001,Aix-en-Provence,2024-06-10 16:14:00,130,130,0,0,0,0,,,,,Estimées,1,Involontaire (travaux),Non,,,,
2024,25823,72,72260,Ruaudin,2024-06-10 23:51:00,50,50,,0,0,0,,,,,Estimées,,,Non,,,,
2024,20142,13,13010,Barbentane,2024-06-11 06:03:00,50,50,0,0,0,0,,,,,Estimées,1,Involontaire (travaux),Non,,,,
2024,20799,11,11013,Argens-Minervois,2024-06-11 12:59:00,10000,0,10000,0,0,0,,,,,Mesurées,,Involontaire (travaux),Non,,,,
2024,29808,83,83148,Vidauban,2024-06-11 15:03:00,3006900,2796900,164600,0,0,45400,,,,,Mesurées,,Involontaire (travaux),,,,,Données partielles ou non valides
2024,27941,84,84078,Mondragon,2024-06-11 15:30:54,50,50,,,,,,,,,Estimées,,,Non,,,,
2024,27942,84,84140,Vaugines,2024-06-11 15:47:00,700,450,0,0,0,250,,,,,Mesurées,4,,Non,,,,
2024,20261,56,56203,Saint-Aignan,2024-06-11 16:59:00,100,100,,0,0,0,,,,,Estimées,,,Non,,,,
2024,20143,13,13059,Meyrargues,2024-06-12 10:57:00,200,200,0,0,0,0,,,,,Estimées,1,Involontaire (travaux),Non,,,,
2024,19716,2B,2B143,Linguizzetta,2024-06-12 14:14:00,1500,0,1500,0,0,0,,,,,Estimées,,,Non,,,,
2024,20803,11,11416,Villarzel-Cabardès,2024-06-12 16:22:00,5000,0,5000,0,0,0,,,,,Mesurées,,,Non,,,,
2024,29658,78,78590,Senlisse,2024-06-12 17:49:00,5,5,,0,0,0,,,,,Estimées,,,Non,,,,
2024,27946,84,84140,Vaugines,2024-06-12 19:32:32,1,1,,,,,,,,,Estimées,,,Non,,,,
2024,19719,6,6079,Mandelieu-la-Napoule,2024-06-12 20:37:00,1000,0,1000,0,0,0,,,,,Estimées,,Accidentelle,Non,,,,
2024,19921,74,74078,Clermont,2024-06-13 02:24:00,5,5,,0,0,0,,,,,Mesurées,,Involontaire (travaux),Non,,,,
2024,26850,33,33540,Vendays-Montalivet,2024-06-13 06:24:00,15000,15000,,0,0,0,,,,,Estimées,,Involontaire (particulier),Non,,,,
2024,27242,2A,2A132,Guargualé,2024-06-13 13:00:00,800,0,800,0,0,0,,,,,Estimées,,,Non,,,,
2024,19922,74,74043,Bons-en-Chablais,2024-06-13 13:33:00,1,1,,0,0,0,,,,,Mesurées,,Involontaire (travaux),Non,,,,
2024,26851,33,33284,Mios,2024-06-13 14:37:37,10000,10000,,0,0,0,,,,,Estimées,,,Non,0,0,0,
2024,27243,2A,2A114,Figari,2024-06-13 15:19:00,800,0,800,0,0,0,,,,,Estimées,,,Non,,,,
2024,19749,66,66205,Tautavel,2024-06-13 15:45:00,500,0,500,0,0,0,,,,,Estimées,,Involontaire (travaux),Non,,,,
2024,20806,11,11179,Labastide-en-Val,2024-06-13 16:36:00,200,0,200,0,0,0,,,,,Mesurées,,,Non,,,,
2024,27624,2A,2A174,Murzo,2024-06-14 14:35:00,150,0,150,0,0,0,,,,,Mesurées,,Involontaire (travaux),Non,,,,
2024,19833,2B,2B143,Linguizzetta,2024-06-14 14:55:00,200,0,200,0,0,0,,,,,Estimées,,,Non,,,,
2024,20144,13,13091,Saint-Cannat,2024-06-14 19:13:00,300,300,0,0,0,0,,,,,Estimées,1,,Non,,,,
2024,20145,13,13038,Fontvieille,2024-06-16 16:55:00,20,20,0,0,0,0,,,,,Estimées,1,Involontaire (particulier),Non,,,,
2024,19834,2B,2B143,Linguizzetta,2024-06-17 12:03:00,1000,0,1000,0,0,0,,,,,Estimées,,,Non,,,,
2024,27019,40,40179,Mées,2024-06-17 15:07:00,101,1,,100,0,0,,,,,Estimées,,,Non,0,0,0,
2024,20146,13,13056,Martigues,2024-06-17 16:55:00,1000,1000,0,0,0,0,,,,,Estimées,1,Involontaire (particulier),Non,,,,
2024,20147,13,13028,La Ciotat,2024-06-17 16:55:00,2500,2500,0,0,0,0,,,,,Mesurées,1,Accidentelle,Non,,,,
2024,28739,7,7143,Limony,2024-06-17 18:34:00,4,0,4,0,0,0,,,,,Estimées,5,Involontaire (travaux),Non,,,,
2024,20148,13,13005,Aubagne,2024-06-18 16:50:00,3495,3495,0,0,0,0,,,,,Mesurées,1,Involontaire (travaux),Non,,,,
2024,19836,2B,2B009,Aléria,2024-06-18 16:51:00,3000,0,3000,0,0,0,,,,,Mesurées,,,Non,,,,
2024,20132,13,13066,Noves,2024-06-20 13:31:00,200,200,0,0,0,0,,,,,Estimées,1,,Non,,,,
2024,27625,2A,2A061,Carbini,2024-06-21 10:53:00,10,0,10,0,0,0,,,,,Mesurées,,Involontaire (travaux),Non,,,,
2024,19853,34,34237,Roujan,2024-06-21 14:22:00,10474,10474,0,0,0,0,,,,,Mesurées,1,Involontaire (travaux),Non,,,,
2024,20207,13,13117,Vitrolles,2024-06-21 14:23:00,300,300,0,0,0,0,,,,,Estimées,1,Involontaire (particulier),Non,,,,
2024,20208,13,13073,Peypin,2024-06-21 15:35:00,5,5,0,0,0,0,,,,,Mesurées,1,Malveillance,Non,,,,
2024,20210,13,13060,Meyreuil,2024-06-22 17:54:00,4,4,0,0,0,0,,,,,Estimées,1,,Non,,,,
2024,20821,11,11145,Fleury,2024-06-23 10:24:00,10,0,10,0,0,0,,,,,Mesurées,,,Non,,,,
2024,20209,13,13056,Martigues,2024-06-23 16:14:00,30,30,0,0,0,0,,,,,Estimées,1,Malveillance,Non,,,,
2024,20383,13,13040,Fuveau,2024-06-23 17:16:00,3000,3000,0,0,0,0,,,,,Estimées,1,Accidentelle,Non,,,,
2024,27021,40,40200,Moustey,2024-06-24 15:38:00,3000,3000,,0,0,0,,,,,Estimées,,,Non,0,0,0,
2024,20384,13,13100,Saint-Rémy-de-Provence,2024-06-24 23:58:00,1,1,0,0,0,0,,,,,Estimées,1,,Non,,,,
2024,21196,13,13028,La Ciotat,2024-06-25 00:20:00,24,24,0,0,0,0,,,,,Mesurées,1,,Non,,,,
2024,20385,13,13102,Saint-Victoret,2024-06-25 09:48:00,50,50,0,0,0,0,,,,,Estimées,1,,Non,,,,
2024,20825,11,11014,Armissan,2024-06-25 11:45:00,200,0,200,0,0,0,,,,,Mesurées,,Malveillance,Non,,,,
2024,20827,11,11433,Villeneuve-Minervois,2024-06-25 21:53:00,200,0,200,0,0,0,,,,,Mesurées,,,Non,,,,
2024,20828,11,11431,Villeneuve-les-Corbières,2024-06-26 01:57:00,50,0,50,0,0,0,,,,,Mesurées,,,Non,,,,
2024,21199,13,13039,Fos-sur-Mer,2024-06-26 15:15:00,2,2,0,0,0,0,,,,,Estimées,1,Involontaire (particulier),Non,,,,
2024,21201,13,13028,La Ciotat,2024-06-26 15:19:00,2,2,0,0,0,0,,,,,Estimées,1,,Non,,,,
2024,21200,13,13092,Saint-Chamas,2024-06-26 15:41:00,100,100,0,0,0,0,,,,,Estimées,1,,Non,,,,
2024,27626,2A,2A004,Ajaccio,2024-06-26 17:30:00,1200,0,1200,0,0,0,,,,,Mesurées,,Involontaire (particulier),Non,,,,
2024,21198,13,13067,Orgon,2024-06-26 17:30:00,4,4,0,0,0,0,,,,,Estimées,1,Accidentelle,Non,,,,
2024,21197,13,13060,Meyreuil,2024-06-26 18:40:00,5,5,0,0,0,0,,,,,Estimées,1,,Non,,,,
2024,21203,13,13112,Velaux,2024-06-27 09:25:00,2,2,0,0,0,0,,,,,Estimées,1,,Non,,,,
2024,20264,56,56167,Plougoumelen,2024-06-27 13:25:00,10,10,,0,0,0,,,,,Estimées,,,Non,,,,
2024,20830,11,11421,Villedaigne,2024-06-27 13:50:00,50,0,50,0,0,0,,,,,Mesurées,,,Non,,,,
2024,20265,56,56070,Guégon,2024-06-28 10:16:00,30,30,,0,0,0,,,,,Estimées,,,Non,,,,
2024,26729,33,33284,Mios,2024-06-28 11:56:47,2500,2500,,0,0,0,,,,,Estimées,,,Non,0,0,0,
2024,20836,11,11392,Tournissan,2024-06-28 22:50:00,1700,0,100,0,1600,0,,,,,Mesurées,,,Non,,,,
2024,26541,17,17118,Corignac,2024-06-29 00:36:00,5400,5400,,0,0,0,,,,,Mesurées,,Malveillance,Non,,,,
2024,27627,2A,2A098,Coti-Chiavari,2024-06-29 14:15:00,37000,0,37000,0,0,0,,,,,Mesurées,,Accidentelle,Non,,,,
2024,21212,13,13001,Aix-en-Provence,2024-06-30 13:06:00,5000,5000,0,0,0,0,,,,,Estimées,1,Accidentelle,Non,,,,
2024,21210,13,13062,Mimet,2024-06-30 13:42:00,10,10,0,0,0,0,,,,,Estimées,1,Malveillance,Non,,,,
2024,26730,33,33057,Blasimon,2024-07-01 13:11:00,200,200,,0,0,0,,,,,Estimées,,,Non,0,0,0,
2024,28428,30,30093,Conqueyrac,2024-07-01 16:20:00,139,139,,,,,,,,,Mesurées,,Malveillance,Non,,,,
2024,21213,13,13097,Saint-Martin-de-Crau,2024-07-01 16:20:00,14441,0,14441,0,0,0,,,,,Mesurées,1,Involontaire (travaux),Non,,,,
2024,28427,30,30093,Conqueyrac,2024-07-01 16:30:00,118,118,,,,,,,,,Mesurées,,Malveillance,Non,,,,
2024,20266,56,56070,Guégon,2024-07-01 17:29:00,50,50,,0,0,0,,,,,Estimées,,,Non,,,,
2024,20185,34,34332,Vias,2024-07-01 18:50:00,51436,0,51436,0,0,0,,,,,Mesurées,1,Malveillance,Non,,,,
2024,24359,8,8302,Monthermé,2024-07-01 21:36:00,150,150,,0,0,0,,,,,Estimées,,Involontaire (travaux),Non,,,,
2024,21217,13,13077,Port-de-Bouc,2024-07-02 11:43:00,2,2,0,0,0,0,,,,,Mesurées,1,,Non,,,,
2024,20838,11,11379,Sigean,2024-07-02 13:48:00,290900,35000,255900,0,0,0,,,,,Mesurées,,Malveillance,Non,,,,
2024,20030,66,66106,Maureillas-las-Illas,2024-07-02 16:05:00,35,35,0,0,0,0,,,,,Estimées,,Malveillance,Non,,,,
2024,21219,13,13001,Aix-en-Provence,2024-07-03 10:44:00,10,10,0,0,0,0,,,,,Mesurées,1,Accidentelle,Non,,,,
2024,27061,40,40327,Vielle-Soubiran,2024-07-03 12:19:00,8000,8000,,0,0,0,,,,,Mesurées,,Accidentelle,Non,0,0,0,
2024,28700,7,7200,Le Roux,2024-07-03 15:00:00,1,0,1,0,0,0,,,,,Estimées,5,Involontaire (travaux),Non,,,,
2024,27473,16,16119,Dignac,2024-07-03 15:21:26,2720,2720,,0,0,0,,,,,Mesurées,,Involontaire (travaux),Non,0,0,0,
2024,26731,33,33450,Saint-Michel-de-Castelnau,2024-07-03 15:24:50,1000,1000,,0,0,0,,,,,Estimées,,,Non,0,0,0,
2024,20175,34,34217,Prades-le-Lez,2024-07-03 16:41:00,7526,7526,0,0,0,0,,,,,Mesurées,1,Malveillance,Non,,,,
2024,25039,85,85213,Rives de l'Yon,2024-07-03 17:09:00,1,1,,0,0,0,,,,,Estimées,,Malveillance,Non,,,,
2024,20841,11,11037,Berriac,2024-07-03 19:07:00,200,0,200,0,0,0,,,,,Mesurées,,,Non,,,,
2024,21223,13,13056,Martigues,2024-07-03 21:51:00,2,2,0,0,0,0,,,,,Mesurées,1,Involontaire (particulier),Non,,,,
2024,27629,2A,2A271,Sarrola-Carcopino,2024-07-04 10:09:00,158,0,158,0,0,0,,,,,Mesurées,,,Non,,,,
2024,20050,4,4070,Digne-les-Bains,2024-07-04 14:03:00,400,60,0,340,0,0,,,,,Mesurées,,,Non,,,,
2024,20051,4,4166,Riez,2024-07-04 14:52:00,110,110,0,0,0,0,,,,,Mesurées,5,,Non,,,,
2024,20270,56,56013,Belz,2024-07-04 15:52:00,200,200,,0,0,0,,,,,Estimées,,,Non,,,,
2024,20844,11,11144,Fitou,2024-07-04 15:57:00,500,0,500,0,0,0,,,,,Mesurées,,,Non,,,,
2024,20043,66,66190,Salses-le-Château,2024-07-04 15:59:00,30,0,30,0,0,0,,,,,Estimées,,Accidentelle,Non,,,,
2024,20044,66,66190,Salses-le-Château,2024-07-04 15:59:00,3000,0,3000,0,0,0,,,,,Estimées,,Accidentelle,Non,,,,
2024,20045,66,66190,Salses-le-Château,2024-07-04 15:59:00,500,0,500,0,0,0,,,,,Estimées,,Accidentelle,Non,,,,
2024,27474,16,16119,Dignac,2024-07-04 17:40:05,10,10,,0,0,0,,,,,Estimées,,,Non,0,0,0,
2024,21226,13,13085,Roquefort-la-Bédoule,2024-07-04 18:21:00,60,60,0,0,0,0,,,,,Mesurées,1,Malveillance,Non,,,,
2024,20267,56,56096,Landaul,2024-07-04 19:04:00,10,10,,0,0,0,,,,,Estimées,,,Non,,,,
2024,20161,34,34242,Saint-Bauzille-de-Montmel,2024-07-04 21:28:00,140,140,0,0,0,0,,,,,Mesurées,4,Malveillance,Non,,,,
2024,20160,34,34061,Causses-et-Veyran,2024-07-04 21:32:00,1621,1621,0,0,0,0,,,,,Mesurées,1,,Non,,,,
2024,21225,13,13002,Allauch,2024-07-04 23:02:00,200,200,0,0,0,0,,,,,Estimées,1,Involontaire (particulier),Non,,,,
2024,27628,2A,2A070,Casaglione,2024-07-04 23:33:00,20,0,20,0,0,0,,,,,Mesurées,,Accidentelle,Non,,,,
2024,27631,2A,2A181,Ocana,2024-07-05 14:45:00,20,0,20,0,0,0,,,,,Mesurées,,,Non,,,,
2024,20271,56,56171,Pluherlin,2024-07-05 15:52:00,1000,1000,,0,0,0,,,,,Estimées,,,Non,,,,
2024,27630,2A,2A189,Olmeto,2024-07-05 18:05:00,150,0,150,0,0,0,,,,,Mesurées,,Accidentelle,Non,,,,
2024,25831,72,72260,Ruaudin,2024-07-06 17:23:00,60,60,,0,0,0,,,,,Estimées,,,Non,,,,
2024,20151,34,34028,Bédarieux,2024-07-06 21:33:00,15,15,0,0,0,0,,,,,Estimées,,,Non,,,,
2024,26736,33,33056,Blanquefort,2024-07-07 18:30:00,100,100,,0,0,0,,,,,Estimées,,Malveillance,Non,0,0,0,
2024,20269,56,56243,Séné,2024-07-07 18:31:00,10,10,,0,0,0,,,,,Estimées,,,Non,,,,
2024,23938,59,59491,Raismes,2024-07-07 19:25:00,100,100,,0,0,0,,,,,Estimées,,,Non,,,,
2024,27632,2A,2A247,Porto-Vecchio,2024-07-07 22:56:00,20,0,20,0,0,0,,,,,Mesurées,,,Non,,,,
2024,26737,33,33214,Lacanau,2024-07-08 12:24:00,2000,2000,,0,0,0,,,,,Estimées,,Involontaire (particulier),Non,,,,
2024,21228,13,13077,Port-de-Bouc,2024-07-08 13:09:00,80,80,0,0,0,0,,,,,Estimées,1,,Non,,,,
2024,27634,2A,2A345,Vero,2024-07-08 13:49:00,25,0,25,0,0,0,,,,,Mesurées,,Involontaire (particulier),Non,,,,
2024,21230,13,13074,Peyrolles-en-Provence,2024-07-08 15:25:00,802,802,0,0,0,0,,,,,Mesurées,1,,Non,,,,
2024,27633,2A,2A004,Ajaccio,2024-07-08 16:10:00,25,0,25,0,0,0,,,,,Estimées,,,Non,,,,
2024,21229,13,13073,Peypin,2024-07-08 18:44:00,70,70,0,0,0,0,,,,,Mesurées,1,Malveillance,Non,,,,
2024,20853,11,11395,Trassanel,2024-07-08 19:13:00,4030,0,4030,0,0,0,,,,,Mesurées,,Malveillance,Non,,,,
2024,21231,13,13001,Aix-en-Provence,2024-07-08 20:10:00,10,10,0,0,0,0,,,,,Mesurées,1,Involontaire (particulier),Non,,,,
2024,20239,6,6120,Saint-Étienne-de-Tinée,2024-07-09 10:11:00,25,0,25,0,0,0,,,,,Estimées,,Malveillance,Non,,,,
2024,21232,13,13028,La Ciotat,2024-07-09 12:07:00,330,330,0,0,0,0,,,,,Mesurées,1,Involontaire (travaux),Non,,,,
2024,20282,13,13055,Marseille,2024-07-09 12:55:00,50,0,50,0,0,0,,,,,Estimées,2,,Non,,,,
2024,23244,38,38149,Domarin,2024-07-09 13:29:00,3,3,,0,0,0,,,,,Estimées,,,Non,,,,
2024,21235,13,13048,Jouques,2024-07-09 14:57:00,10,10,0,0,0,0,,,,,Mesurées,1,Malveillance,Non,,,,
2024,21233,13,13048,Jouques,2024-07-09 15:40:00,10,10,0,0,0,0,,,,,Mesurées,1,Malveillance,Non,,,,
2024,27635,2A,2A198,Ota,2024-07-09 15:49:00,2500,0,2500,0,0,0,,,,,Mesurées,,Involontaire (particulier),Non,,,,
2024,21234,13,13001,Aix-en-Provence,2024-07-09 18:38:00,500,500,0,0,0,0,,,,,Mesurées,1,Involontaire (travaux),Non,,,,
2024,20206,46,46312,Strenquels,2024-07-09 21:19:00,100,100,,0,0,0,,,,,Estimées,,,Non,,,,
2024,27379,77,77442,Samoreau,2024-07-10 12:47:00,3,3,,0,0,0,,,,,Estimées,,,Non,,,,
2024,21236,13,13100,Saint-Rémy-de-Provence,2024-07-10 15:20:00,50,50,0,0,0,0,,,,,Mesurées,1,Involontaire (particulier),Non,,,,
2024,20242,6,6154,Valderoure,2024-07-10 18:20:00,25,0,25,0,0,0,,,,,Estimées,,Involontaire (particulier),Non,,,,
2024,20360,2B,2B079,Castello-di-Rostino,2024-07-11 10:57:00,70300,0,70300,0,0,0,,,,,Estimées,1,Malveillance,Non,,,,
2024,20273,66,66137,Le Perthus,2024-07-11 14:33:00,50,50,0,0,0,0,,,,,Estimées,,Malveillance,Non,,,,
2024,20302,34,34031,Bessan,2024-07-11 17:32:00,21746,0,21746,0,0,0,,,,,Mesurées,1,Accidentelle,Non,,,,
2024,24757,7,7024,Banne,2024-07-11 23:16:00,3000,0,3000,0,0,0,,,,,Estimées,1,Naturelle,Non,,,,
2024,28007,84,84017,Bédoin,2024-07-12 12:15:00,2,2,0,0,0,0,,,,,Mesurées,5,Involontaire (particulier),Non,,,,
2024,27380,77,77006,Arbonne-la-Forêt,2024-07-12 13:16:00,2000,2000,,0,0,0,,,,,Estimées,,,Non,,,,
2024,28443,30,30159,Le Martinet,2024-07-12 16:10:00,136,136,,,,,,,,,Mesurées,,,Non,,,,
2024,21237,13,13071,Les Pennes-Mirabeau,2024-07-12 18:46:00,600,600,0,0,0,0,,,,,Mesurées,1,,Non,,,,
2024,21499,4,4236,Vergons,2024-07-12 20:47:00,26700,26700,0,0,0,0,,,,,Mesurées,4,Naturelle,Non,,,,
2024,21240,13,13044,Grans,2024-07-13 10:03:00,300,300,0,0,0,0,,,,,Estimées,1,Accidentelle,Non,,,,
2024,21238,13,13071,Les Pennes-Mirabeau,2024-07-13 15:27:00,50,50,0,0,0,0,,,,,Mesurées,1,Accidentelle,Non,,,,
2024,20298,34,34147,Magalas,2024-07-13 17:24:00,988,988,0,0,0,0,,,,,Mesurées,3,Involontaire (travaux),Non,,,,
2024,26741,33,33417,Sainte-Hélène,2024-07-13 17:58:00,1500,1500,,0,0,0,,,,,Estimées,,,Non,0,0,0,
2024,20891,34,34095,Fabrègues,2024-07-13 18:48:00,173,0,173,0,0,0,,,,,Mesurées,1,,Non,,,,
2024,21243,13,13063,Miramas,2024-07-13 20:25:00,100,100,0,0,0,0,,,,,Estimées,1,Malveillance,Non,,,,
2024,20296,34,34116,Grabels,2024-07-13 23:16:00,217,0,217,0,0,0,,,,,Mesurées,1,Malveillance,Non,,,,
2024,26742,33,33376,Saint-Aubin-de-Médoc,2024-07-14 00:58:45,40,20,,20,0,0,,,,,Estimées,,Malveillance,Non,0,0,0,
2024,20294,34,34281,Saint-Pargoire,2024-07-14 08:25:00,212,0,212,0,0,0,,,,,Mesurées,1,Involontaire (travaux),Non,,,,
2024,29536,25,25056,Besançon,2024-07-14 08:55:26,100,100,,0,0,0,,,,,Estimées,,,Non,0,0,0,
2024,21248,13,13059,Meyrargues,2024-07-14 11:19:00,300,300,0,0,0,0,,,,,Mesurées,1,Malveillance,Non,,,,
2024,20381,56,56180,Porcaro,2024-07-14 12:08:00,1500,1500,,0,0,0,,,,,Estimées,,Accidentelle,Non,,,,
2024,21245,13,13047,Istres,2024-07-14 12:37:00,500,500,0,0,0,0,,,,,Mesurées,1,,Non,,,,
2024,20275,6,6132,Saorge,2024-07-14 14:14:00,500,0,500,0,0,0,,,,,Estimées,,Involontaire (particulier),Non,,,,
2024,20288,34,34312,La Tour-sur-Orb,2024-07-14 16:08:00,12328,0,12328,0,0,0,,,,,Mesurées,1,Accidentelle,Non,,,,
2024,23001,74,74273,Sixt-Fer-à-Cheval,2024-07-14 17:48:00,1,1,,0,0,0,,,,,Estimées,,Involontaire (travaux),Non,,,,
2024,23002,74,74185,Monnetier-Mornex,2024-07-14 21:17:00,1,1,,0,0,0,,,,,Estimées,,Accidentelle,Non,,,,
2024,20276,6,6092,Peillon,2024-07-15 00:42:00,24900,24900,0,0,0,0,,,,,Mesurées,4,Involontaire (particulier),Non,,,,
2024,21251,13,13106,Septèmes-les-Vallons,2024-07-15 02:31:00,10,10,0,0,0,0,,,,,Estimées,1,Involontaire (particulier),Non,,,,
2024,27636,2A,2A006,Alata,2024-07-15 08:51:00,1000,0,1000,0,0,0,,,,,Estimées,,,Non,,,,
2024,27637,2A,2A247,Porto-Vecchio,2024-07-15 13:11:00,30,0,30,0,0,0,,,,,Mesurées,,Involontaire (particulier),Non,,,,
2024,21253,13,13043,Gignac-la-Nerthe,2024-07-15 15:36:00,20,20,0,0,0,0,,,,,Estimées,1,Involontaire (particulier),Non,,,,
2024,21505,4,4106,Lurs,2024-07-15 21:13:00,20,20,0,0,0,0,,,,,Estimées,,Accidentelle,Non,,,,
2024,21254,13,13072,Peynier,2024-07-15 23:17:00,142,142,0,0,0,0,,,,,Mesurées,1,Malveillance,Non,,,,
2024,27639,2A,2A181,Ocana,2024-07-16 09:55:00,500,0,500,0,0,0,,,,,Mesurées,,Involontaire (particulier),Non,,,,
2024,20870,11,11015,Arques,2024-07-16 11:32:00,1500,1500,0,0,0,0,,,,,Mesurées,,Accidentelle,Non,,,,
2024,20463,5,5174,Val-des-Prés,2024-07-16 12:34:00,4,4,0,0,0,0,,,,,Mesurées,4,Malveillance,Non,,,,
2024,27638,2A,2A359,Zicavo,2024-07-16 12:35:00,3000,0,3000,0,0,0,,,,,Mesurées,,Accidentelle,Non,,,,
2024,21255,13,13071,Les Pennes-Mirabeau,2024-07-16 13:51:00,10400,10400,0,0,0,0,,,,,Mesurées,1,Accidentelle,Non,,,,
2024,25050,85,85035,Bretignolles-sur-Mer,2024-07-16 14:42:00,20,20,,0,0,0,,,,,Estimées,,,Non,,,,
2024,27640,2A,2A247,Porto-Vecchio,2024-07-16 18:16:00,40,0,40,0,0,0,,,,,Estimées,,,Non,,,,
2024,27641,2A,2A300,San-Gavino-di-Carbini,2024-07-17 05:10:00,1,0,1,0,0,0,,,,,Estimées,,Accidentelle,Non,,,,
2024,21258,13,13099,Saint-Paul-lès-Durance,2024-07-17 10:45:00,300,300,0,0,0,0,,,,,Estimées,1,Involontaire (particulier),Non,,,,
2024,21256,13,13019,Cabriès,2024-07-17 12:14:00,100,100,0,0,0,0,,,,,Estimées,1,Involontaire (travaux),Non,,,,
2024,20465,5,5023,Briançon,2024-07-17 14:06:00,6,6,0,0,0,0,,,,,Mesurées,,,Non,,,,
2024,25232,27,27118,Brosville,2024-07-17 14:29:00,5,5,,0,0,0,,,,,Estimées,,Involontaire (particulier),Non,,,,
2024,29532,25,25377,Mésandans,2024-07-17 16:26:21,100,100,,0,0,0,,,,,Estimées,,,Non,0,0,0,
2024,20464,5,5151,Saint-Martin-de-Queyrières,2024-07-17 18:02:00,3,0,3,0,0,0,,,,,Estimées,,Accidentelle,Non,,,,
2024,20962,66,66063,Les Cluses,2024-07-17 19:24:00,1000,1000,0,0,0,0,,,,,Estimées,,Accidentelle,Non,,,,
2024,20431,6,6105,Roquefort-les-Pins,2024-07-17 20:50:00,10,0,10,0,0,0,,,,,Estimées,,Involontaire (particulier),Non,,,,
2024,28296,2A,2A024,Aullène,2024-07-17 21:59:00,30,0,30,0,0,0,,,,,Mesurées,,Accidentelle,Non,,,,
2024,20955,6,6152,Valbonne,2024-07-18 04:04:00,50,0,50,0,0,0,,,,,Estimées,,,Non,,,,
2024,28452,30,30028,Bagnols-sur-Cèze,2024-07-18 10:41:00,166,166,,,,,,,,,Mesurées,,,Non,,,,
2024,21262,13,13030,Cuges-les-Pins,2024-07-18 12:35:00,50,50,0,0,0,0,,,,,Mesurées,1,Involontaire (particulier),Non,,,,
2024,29531,25,25124,Charmauvillers,2024-07-18 12:37:14,100,100,,0,0,0,,,,,Estimées,,,Non,0,0,0,
2024,21799,4,4172,Roumoules,2024-07-18 13:36:00,12700,2100,0,0,10600,0,,,,,Mesurées,2,Involontaire (particulier),Oui,0,0,1,
2024,21259,13,13051,Lançon-Provence,2024-07-18 14:11:00,10,10,0,0,0,0,,,,,Estimées,1,Involontaire (travaux),Non,,,,
2024,21509,4,4094,Gréoux-les-Bains,2024-07-18 14:25:00,6600,4800,1800,0,0,0,,,,,Mesurées,,Accidentelle,Non,,,,
2024,29530,25,25612,Vieilley,2024-07-18 14:54:00,100,100,,0,0,0,,,,,Estimées,,,Non,,,,
2024,21260,13,13113,Venelles,2024-07-18 15:31:00,50,50,0,0,0,0,,,,,Estimées,1,Involontaire (particulier),Non,,,,
2024,28454,30,30174,Montaren-et-Saint-Médiers,2024-07-18 15:45:00,3437,3437,,,,,,,,,Mesurées,,Involontaire (particulier),Non,,,,
2024,20924,34,34213,Poussan,2024-07-18 16:19:00,14358,14358,0,0,0,0,,,,,Mesurées,1,Accidentelle,Non,,,,
2024,21261,13,13005,Aubagne,2024-07-18 16:32:00,200,200,0,0,0,0,,,,,Mesurées,1,Malveillance,Non,,,,
2024,20889,46,46318,Thémines,2024-07-18 18:43:00,1500,1500,,0,0,0,,,,,Estimées,,,Non,,,,
2024,28021,84,84088,Pernes-les-Fontaines,2024-07-18 21:25:00,20,20,0,0,0,0,,,,,Estimées,,,Non,,,,
2024,27643,2A,2A089,Ciamannacce,2024-07-19 01:02:00,1500,0,1500,0,0,0,,,,,Mesurées,,Malveillance,Non,,,,
2024,28022,84,84140,Vaugines,2024-07-19 01:22:00,250,250,0,0,0,0,,,,,Mesurées,4,Malveillance,Non,,,,
2024,20916,34,34070,Cébazan,2024-07-19 08:54:00,2636,2636,0,0,0,0,,,,,Mesurées,1,Malveillance,Non,,,,
2024,23004,74,74080,La Clusaz,2024-07-19 09:27:00,50,50,,0,0,0,,,,,Estimées,,,Non,,,,
2024,23005,74,74249,Saint-Paul-en-Chablais,2024-07-19 10:24:00,1,1,,0,0,0,,,,,Estimées,,,Non,,,,
2024,28024,84,84140,Vaugines,2024-07-19 11:13:00,200,200,0,0,0,0,,,,,Estimées,,,Non,,,,
2024,21155,66,66108,Millas,2024-07-19 21:20:00,20,0,20,0,0,0,,,,,Estimées,,Accidentelle,Non,,,,
2024,20882,11,11203,Lézignan-Corbières,2024-07-19 22:17:22,5,5,,,,,,,,,Mesurées,,,Non,0,0,0,
2024,25951,73,73004,Aillon-le-Jeune,2024-07-20 12:12:00,20,20,,0,0,0,,,,,Mesurées,,,,,,,Données partielles ou non valides
2024,20988,34,34042,Brissac,2024-07-20 13:03:00,383,383,0,0,0,0,,,,,Mesurées,2,Accidentelle,Non,,,,
2024,21264,13,13045,Graveson,2024-07-20 14:09:00,5000,5000,0,0,0,0,,,,,Mesurées,1,Accidentelle,Non,,,,
2024,28895,19,19193,Saint-Cirgues-la-Loutre,2024-07-20 14:34:00,30,30,,0,0,0,,,,,Estimées,,Involontaire (travaux),Non,0,0,0,
2024,23011,74,74211,Pers-Jussy,2024-07-20 15:52:00,1,1,,0,0,0,,,,,Estimées,,,Non,,,,
2024,28029,84,84026,Cadenet,2024-07-20 15:55:00,10,10,0,0,0,0,,,,,Mesurées,5,,Non,,,,
2024,20903,34,34251,Saint-Étienne-de-Gourgas,2024-07-20 16:55:00,182,182,0,0,0,0,,,,,Mesurées,2,Involontaire (particulier),Non,,,,
2024,27969,60,60084,Bonnières,2024-07-20 17:15:00,500,10,,0,490,0,,,,,Estimées,,,Non,,,,
2024,21263,13,13099,Saint-Paul-lès-Durance,2024-07-20 20:00:00,15000,0,2000,0,13000,0,,,,,Mesurées,1,Accidentelle,Non,,,,
2024,21268,13,13088,Le Rove,2024-07-21 00:03:00,10,10,0,0,0,0,,,,,Mesurées,1,,Non,,,,
2024,20885,11,11372,Salsigne,2024-07-21 06:35:00,150,0,150,0,0,0,,,,,Mesurées,,,Non,,,,
2024,20899,34,34019,Avène,2024-07-21 08:32:00,678,678,0,0,0,0,,,,,Mesurées,2,Naturelle,Non,,,,
2024,20470,26,26181,Mévouillon,2024-07-21 08:40:00,10,10,0,0,0,0,,,,,Estimées,,Naturelle,Non,,,,
2024,20886,11,11024,Bages,2024-07-21 09:29:00,50,0,50,0,0,0,,,,,Mesurées,,,Non,,,,
2024,20471,5,5073,Lazer,2024-07-21 09:45:00,80,80,0,0,0,0,,,,,Estimées,,Naturelle,Non,,,,
2024,20898,34,34225,Puisserguier,2024-07-21 09:46:00,22,22,0,0,0,0,,,,,Mesurées,4,Naturelle,Non,,,,
2024,21265,13,13066,Noves,2024-07-21 09:52:00,6,6,0,0,0,0,,,,,Mesurées,1,Naturelle,Non,,,,
2024,21267,13,13001,Aix-en-Provence,2024-07-21 13:24:00,2,2,0,0,0,0,,,,,Mesurées,1,Naturelle,Non,,,,
2024,22263,11,11069,Carcassonne,2024-07-21 14:21:00,1,1,,,,,,,,,Mesurées,,,Non,0,0,0,
2024,20897,34,34228,Rieussec,2024-07-21 14:27:00,13733,13733,0,0,0,0,,,,,Mesurées,3,Naturelle,Non,,,,
2024,20896,34,34226,Quarante,2024-07-21 14:33:00,1022,1022,0,0,0,0,,,,,Mesurées,4,Accidentelle,Non,,,,
2024,21269,13,13101,Saint-Savournin,2024-07-21 15:28:00,5,5,0,0,0,0,,,,,Mesurées,1,Naturelle,Non,,,,
2024,27644,2A,2A247,Porto-Vecchio,2024-07-21 16:30:00,50,0,50,0,0,0,,,,,Mesurées,,Involontaire (particulier),Non,,,,
2024,28297,2A,2A322,Tasso,2024-07-21 17:44:00,200,0,200,0,0,0,,,,,Mesurées,,Accidentelle,Non,,,,
2024,21266,13,13074,Peyrolles-en-Provence,2024-07-21 18:33:00,20,20,0,0,0,0,,,,,Mesurées,1,Naturelle,Non,,,,
2024,21102,34,34335,Villemagne-l'Argentière,2024-07-22 01:43:00,2952,2952,0,0,0,0,,,,,Mesurées,1,Accidentelle,Non,,,,
2024,28298,2A,2A362,Zonza,2024-07-22 06:10:00,1,0,1,0,0,0,,,,,Estimées,,Malveillance,Non,,,,
2024,28468,30,30087,Colognac,2024-07-22 07:32:00,5402,5402,0,0,0,0,,,,,Mesurées,,Naturelle,Non,,,,
2024,20979,2B,2B124,Ghisoni,2024-07-22 10:41:00,85000,0,85000,0,0,0,,,,,Estimées,1,Naturelle,Non,,,,
2024,20968,48,48148,Saint-Étienne-Vallée-Française,2024-07-22 12:06:00,471,470,1,0,0,0,,,,,Mesurées,4,Naturelle,Non,,,,
2024,21018,6,6079,Mandelieu-la-Napoule,2024-07-22 14:05:00,3600,2600,1000,0,0,0,,,,,Mesurées,3,Malveillance,Oui,0,0,1,
2024,21270,13,13092,Saint-Chamas,2024-07-22 15:49:00,20,20,0,0,0,0,,,,,Mesurées,1,Naturelle,Non,,,,
2024,28040,84,84130,Suzette,2024-07-22 16:41:00,20,20,0,0,0,0,,,,,Estimées,,Naturelle,Non,,,,
2024,28470,30,30116,Fournès,2024-07-22 16:43:00,9532,9532,0,0,0,0,,,,,Mesurées,,Malveillance,Non,,,,
2024,21113,13,13055,Marseille,2024-07-22 23:45:00,20,0,20,0,0,0,,,,,Estimées,1,Accidentelle,Non,,,,
2024,21271,13,13099,Saint-Paul-lès-Durance,2024-07-23 11:50:00,280,280,0,0,0,0,,,,,Mesurées,1,Naturelle,Non,,,,
2024,21514,4,4200,Salignac,2024-07-23 11:52:00,120,120,0,0,0,0,,,,,Mesurées,,Malveillance,Non,,,,
2024,22266,11,11132,Fabrezan,2024-07-23 13:25:00,150,0,150,0,0,0,,,,,Mesurées,,,Non,,,,
2024,21094,34,34202,Pignan,2024-07-23 14:43:00,5024,0,5024,0,0,0,,,,,Mesurées,1,Accidentelle,Non,,,,
2024,21274,13,13004,Arles,2024-07-23 18:10:00,200,200,0,0,0,0,,,,,Mesurées,1,Malveillance,Non,,,,
2024,29329,25,25228,Étupes,2024-07-23 19:02:46,100,100,,0,0,0,,,,,Estimées,,,Non,0,0,0,
2024,21168,66,66122,Nohèdes,2024-07-23 19:17:00,250,250,0,0,0,0,,,,,Estimées,,Naturelle,Non,,,,
2024,22270,11,11146,Floure,2024-07-23 20:54:00,3000,0,3000,0,0,0,,,,,Mesurées,,,Non,,,,
2024,21272,13,13039,Fos-sur-Mer,2024-07-23 21:30:00,100,100,0,0,0,0,,,,,Mesurées,1,Involontaire (particulier),Non,,,,
2024,22271,11,11202,Leucate,2024-07-24 03:08:00,300,0,300,0,0,0,,,,,Mesurées,,,Non,,,,
2024,21517,4,4108,Malijai,2024-07-24 11:55:00,220,150,0,0,70,0,,,,,Mesurées,2,Involontaire (particulier),Non,,,,
2024,21275,13,13103,Salon-de-Provence,2024-07-24 13:49:00,20,20,0,0,0,0,,,,,Estimées,1,Involontaire (particulier),Non,,,,
2024,25837,72,72213,Mulsanne,2024-07-24 15:36:00,100,100,,0,0,0,,,,,Estimées,,,Non,,,,
2024,25838,72,72191,Mayet,2024-07-24 19:35:00,200,200,,0,0,0,,,,,Estimées,,,Non,,,,
2024,22760,13,13106,Septèmes-les-Vallons,2024-07-24 23:30:00,100,100,0,0,0,0,,,,,Mesurées,1,Malveillance,Non,,,,
2024,22491,88,88412,Saint-Benoît-la-Chipotte,2024-07-25 10:35:00,3,3,,0,0,0,,,,,Estimées,,,Non,,,,
2024,21068,34,34119,Hérépian,2024-07-25 11:15:00,4,4,0,0,0,0,,,,,Mesurées,2,Accidentelle,Non,,,,
2024,21193,2B,2B039,Bisinchi,2024-07-25 13:48:00,10,0,10,0,0,0,,,,,Estimées,,,Non,,,,
2024,22763,13,13103,Salon-de-Provence,2024-07-25 13:53:00,30,30,0,0,0,0,,,,,Mesurées,1,,Non,,,,
2024,22492,88,88412,Saint-Benoît-la-Chipotte,2024-07-25 16:40:00,3,3,,0,0,0,,,,,Estimées,,,Non,,,,
2024,22761,13,13056,Martigues,2024-07-25 17:12:00,25,25,0,0,0,0,,,,,Mesurées,1,Involontaire (particulier),Non,,,,
2024,21060,34,34239,Saint-André-de-Sangonis,2024-07-25 17:17:00,11826,0,11826,0,0,0,,,,,Mesurées,1,Accidentelle,Non,,,,
2024,21058,34,34202,Pignan,2024-07-25 19:25:00,52,52,0,0,0,0,,,,,Mesurées,5,Malveillance,Non,,,,
2024,22762,13,13002,Allauch,2024-07-25 21:00:00,2,2,0,0,0,0,,,,,Mesurées,1,Malveillance,Non,,,,
2024,27647,2A,2A119,Frasseto,2024-07-26 00:18:00,50,0,50,0,0,0,,,,,Mesurées,,Malveillance,Non,,,,
2024,26925,24,24137,Coulaures,2024-07-26 09:09:00,100,100,,0,0,0,,,,,Estimées,,Accidentelle,Non,0,0,0,
2024,27498,16,16279,Rioux-Martin,2024-07-26 09:31:58,50,50,,0,0,0,,,,,Estimées,,Involontaire (particulier),Non,0,0,0,
2024,26754,33,33203,Hourtin,2024-07-26 10:59:37,100,100,,0,0,0,,,,,Estimées,,Accidentelle,Non,0,0,0,
2024,21506,5,5045,Crots,2024-07-26 12:10:00,12,12,0,0,0,0,,,,,Estimées,4,Malveillance,Non,,,,
2024,21051,34,34178,Murviel-lès-Béziers,2024-07-26 12:30:00,21710,0,21710,0,0,0,,,,,Mesurées,1,Involontaire (particulier),Non,,,,
2024,22284,11,11325,Rouffiac-d'Aude,2024-07-26 18:12:00,1050,1050,0,0,0,0,,,,,Mesurées,,Malveillance,Non,,,,
2024,22283,11,11325,Rouffiac-d'Aude,2024-07-26 18:12:00,150,150,,,,,,,,,Mesurées,,,Non,0,0,0,
2024,22805,13,13039,Fos-sur-Mer,2024-07-27 01:09:00,20,20,0,0,0,0,,,,,Mesurées,1,,Non,,,,
2024,22287,11,11257,Monze,2024-07-27 05:23:00,30,0,30,0,0,0,,,,,Mesurées,,,Non,,,,
2024,23016,74,74209,Peillonnex,2024-07-27 09:42:00,1,1,,0,0,0,,,,,Estimées,,,Non,,,,
2024,28054,84,84054,L'Isle-sur-la-Sorgue,2024-07-27 13:41:00,4400,4400,0,0,0,0,,,,,Mesurées,,Involontaire (particulier),Non,,,,
2024,22764,13,13001,Aix-en-Provence,2024-07-27 13:51:00,500,500,0,0,0,0,,,,,Mesurées,1,Involontaire (particulier),Non,,,,
2024,21194,2B,2B009,Aléria,2024-07-27 15:00:00,5000,0,5000,0,0,0,,,,,Estimées,1,,Non,,,,
2024,21207,2B,2B009,Aléria,2024-07-27 15:20:00,30000,0,30000,0,0,0,,,,,Estimées,1,Malveillance,Non,,,,
2024,27648,2A,2A099,Cozzano,2024-07-27 15:20:00,500,0,500,0,0,0,,,,,Mesurées,,Involontaire (particulier),Non,,,,
2024,28056,84,84054,L'Isle-sur-la-Sorgue,2024-07-27 18:20:00,1,1,0,0,0,0,,,,,Estimées,,,Non,,,,
2024,22288,11,11102,Couffoulens,2024-07-27 19:42:00,800,0,800,0,0,0,,,,,Mesurées,,,Non,,,,
2024,22804,13,13046,Gréasque,2024-07-27 21:18:00,20,20,0,0,0,0,,,,,Mesurées,1,Involontaire (particulier),Non,,,,
2024,22765,13,13035,Eyguières,2024-07-27 21:22:00,10,10,0,0,0,0,,,,,Mesurées,1,Accidentelle,Non,,,,
2024,21042,48,48097,Moissac-Vallée-Française,2024-07-28 00:05:00,2100,1600,500,0,0,0,,,,,Mesurées,5,Involontaire (particulier),Non,,,,
2024,27033,40,40295,Saugnac-et-Muret,2024-07-28 09:09:00,102,100,,2,0,0,,,,,Estimées,,Naturelle,Non,0,0,0,
2024,24175,56,56075,Guer,2024-07-28 12:46:00,300,300,,0,0,0,,,,,Estimées,,,Non,,,,
2024,22291,11,11215,Malves-en-Minervois,2024-07-28 15:46:00,2500,2500,0,0,0,0,,,,,Mesurées,,,Non,,,,
2024,21278,13,13055,Marseille,2024-07-28 18:10:00,30,0,30,0,0,0,,,,,Estimées,1,Malveillance,Non,,,,
2024,21279,13,13055,Marseille,2024-07-28 21:37:00,500,0,500,0,0,0,,,,,Estimées,1,Malveillance,Non,,,,
2024,21422,34,34170,Montouliers,2024-07-29 13:00:00,532407,532407,0,0,0,0,,,,,Mesurées,4,Malveillance,Non,,,,
2024,22295,11,11286,Peyriac-Minervois,2024-07-29 13:04:00,46294,0,6294,0,40000,0,,,,,Mesurées,,,Non,,,,
2024,28483,30,30172,Monoblet,2024-07-29 14:00:00,196,196,,,,,,,,,Mesurées,,Involontaire (particulier),Non,,,,
2024,26757,33,33177,Gaillan-en-Médoc,2024-07-29 14:50:20,2000,2000,,0,0,0,,,,,Estimées,,,Non,0,0,0,
2024,21147,6,6025,Le Broc,2024-07-29 15:38:00,900,0,900,0,0,0,,,,,Mesurées,3,,Non,,,,
2024,27034,40,40310,Soustons,2024-07-29 16:02:00,4109,4104,,0,5,0,,,,,Estimées,,,Non,0,0,0,
2024,27393,77,77305,Montereau-Fault-Yonne,2024-07-29 18:14:00,1,1,,0,0,0,,,,,Estimées,,,Non,,,,
2024,22806,13,13041,Gardanne,2024-07-29 19:50:00,10,10,0,0,0,0,,,,,Mesurées,1,Malveillance,Non,,,,
2024,22808,13,13041,Gardanne,2024-07-30 12:49:00,3,3,0,0,0,0,,,,,Mesurées,1,Involontaire (particulier),Non,,,,
2024,22809,13,13103,Salon-de-Provence,2024-07-30 14:42:00,30,30,0,0,0,0,,,,,Mesurées,1,Involontaire (particulier),Non,,,,
2024,27649,2A,2A131,Guagno,2024-07-30 17:17:00,30,0,30,0,0,0,,,,,Mesurées,,Naturelle,Non,,,,
2024,25245,27,27116,Brionne,2024-07-30 17:55:00,20,20,,0,0,0,,,,,Estimées,,Malveillance,Non,,,,
2024,22807,13,13087,Rousset,2024-07-30 18:45:00,100,100,0,0,0,0,,,,,Mesurées,1,Accidentelle,Non,,,,
2024,28299,2A,2A204,Pastricciola,2024-07-30 19:30:00,734,0,734,0,0,0,,,,,Mesurées,,Naturelle,Non,,,,
2024,29320,25,25304,Hérimoncourt,2024-07-30 20:18:58,100,100,,0,0,0,,,,,Estimées,,,Non,0,0,0,
2024,22895,13,13055,Marseille,2024-07-30 20:46:00,50,0,50,0,0,0,,,,,Estimées,1,Malveillance,Non,,,,
2024,22304,11,11436,Villesèque-des-Corbières,2024-07-30 21:18:00,300,300,,,,,,,,,Mesurées,,,Non,0,0,0,
2024,23037,74,74276,Taninges,2024-07-31 11:57:00,200,200,,0,0,0,,,,,Estimées,,Involontaire (travaux),Non,,,,
2024,26930,24,24376,Saint Aulaye-Puymangou,2024-07-31 12:19:00,500,500,,0,0,0,,,,,Estimées,,Accidentelle,Non,0,0,0,
2024,27651,2A,2A204,Pastricciola,2024-07-31 12:31:00,40,0,40,0,0,0,,,,,Mesurées,,Naturelle,Non,,,,
2024,28300,2A,2A006,Alata,2024-07-31 15:11:00,100,0,100,0,0,0,,,,,Mesurées,,Involontaire (particulier),Non,,,,
2024,22810,13,13002,Allauch,2024-07-31 17:11:00,50,50,0,0,0,0,,,,,Mesurées,1,Malveillance,Non,,,,
2024,27509,16,16347,Saint-Romain,2024-07-31 17:48:45,2030,30,,0,2000,0,,,,,Estimées,,,Non,0,0,0,
2024,21403,34,34134,Lavérune,2024-07-31 19:46:00,806,0,806,0,0,0,,,,,Mesurées,,Malveillance,Non,,,,
2024,21680,13,13055,Marseille,2024-07-31 20:07:00,50,0,50,0,0,0,,,,,Estimées,1,,Non,,,,
2024,21681,13,13055,Marseille,2024-07-31 22:41:00,150,0,150,0,0,0,,,,,Estimées,2,Accidentelle,Non,,,,
2024,21457,2B,2B350,Vignale,2024-08-01 01:22:00,250,0,250,0,0,0,,,,,Estimées,,,Non,,,,
2024,28248,2A,2A092,Conca,2024-08-01 03:42:00,500,0,500,0,0,0,,,,,Mesurées,,Malveillance,Non,,,,
2024,28485,30,30080,Chamborigaud,2024-08-01 14:40:00,450,450,,,,,,,,,Mesurées,,Accidentelle,Non,,,,
2024,24176,56,56186,Quiberon,2024-08-01 14:49:00,20,20,,0,0,0,,,,,Estimées,,,Non,,,,
2024,28249,2A,2A004,Ajaccio,2024-08-01 15:05:00,24000,0,24000,0,0,0,,,,,Mesurées,,Involontaire (particulier),Non,,,,
2024,27038,40,40111,Geloux,2024-08-01 16:35:00,1100,1100,,0,0,0,,,,,Estimées,,,Non,0,0,0,
2024,24760,49,49369,Vernoil-le-Fourrier,2024-08-01 17:12:00,800,800,,0,0,0,,,,,Estimées,,Accidentelle,Non,,,,
2024,22309,11,11116,Cuxac-d'Aude,2024-08-01 18:13:00,49966,0,49966,0,0,0,,,,,Mesurées,,,Non,,,,
2024,28821,7,7209,Saint-Andéol-de-Fourchades,2024-08-01 18:35:00,600,600,0,0,0,0,,,,,Estimées,3,Accidentelle,Non,,,,
2024,22828,13,13040,Fuveau,2024-08-01 20:57:00,5,5,0,0,0,0,,,,,Mesurées,1,,Non,,,,
2024,28250,2A,2A092,Conca,2024-08-02 00:05:00,1020,0,1020,0,0,0,,,,,Mesurées,,Malveillance,Non,,,,
2024,22310,11,11122,Douzens,2024-08-02 02:23:00,10000,0,10000,0,0,0,,,,,Mesurées,,Accidentelle,Non,,,,
2024,24280,976,97609,Kani-Kéli,2024-08-02 09:30:00,50000,40000,,0,10000,0,,,,,Mesurées,,Involontaire (travaux),Non,,,,
2024,22311,11,11330,Rustiques,2024-08-02 10:00:00,325,325,0,0,0,0,,,,,Mesurées,,Malveillance,Non,,,,
2024,26767,33,33199,Gujan-Mestras,2024-08-02 10:49:06,10,10,,0,0,0,,,,,Estimées,,,Non,0,0,0,
2024,22312,11,11248,Montirat,2024-08-02 14:17:00,30,0,30,0,0,0,,,,,Mesurées,,,Non,,,,
2024,22313,11,11146,Floure,2024-08-02 15:10:00,42731,7731,35000,0,0,0,,,,,Mesurées,,Accidentelle,Non,,,,
2024,21392,34,34095,Fabrègues,2024-08-02 15:18:00,511500,511500,0,0,0,0,,,,,Mesurées,3,Malveillance,Non,,,,
2024,22861,13,13044,Grans,2024-08-02 16:46:00,10,10,0,0,0,0,,,,,Mesurées,1,Accidentelle,Non,,,,
2024,25065,85,85194,Les Sables-d'Olonne,2024-08-02 16:58:00,100,100,,0,0,0,,,,,Estimées,,Naturelle,Non,,,,
2024,21432,66,66093,Laroque-des-Albères,2024-08-02 17:08:00,8,8,0,0,0,0,,,,,Estimées,,,Non,,,,
2024,21431,66,66093,Laroque-des-Albères,2024-08-02 17:08:00,2,2,0,0,0,0,,,,,Estimées,,,Non,,,,
2024,22314,11,11272,Palaja,2024-08-02 17:29:00,30,30,0,0,0,0,,,,,Mesurées,,,Non,,,,
2024,22315,11,11396,Trausse,2024-08-02 17:58:00,20,20,,,,,,,,,Mesurées,,,Non,0,0,0,
2024,21389,34,34188,Olmet-et-Villecun,2024-08-02 19:00:00,3834,3834,0,0,0,0,,,,,Mesurées,3,Naturelle,Non,,,,
2024,21388,34,34144,Lunas,2024-08-02 19:16:00,2580,2580,0,0,0,0,,,,,Mesurées,3,Naturelle,Non,,,,
2024,21387,34,34341,Villeveyrac,2024-08-02 19:25:00,319,319,0,0,0,0,,,,,Mesurées,4,Naturelle,Non,,,,
2024,21682,13,13055,Marseille,2024-08-02 19:45:00,50,0,50,0,0,0,,,,,Estimées,1,,Non,,,,
2024,21462,2B,2B346,Vescovato,2024-08-02 20:09:00,12300,0,12300,0,0,0,,,,,Estimées,1,,Non,,,,
2024,28070,84,84009,La Bastide-des-Jourdans,2024-08-02 22:54:00,2440,1000,0,0,0,1440,,,,,Mesurées,,Accidentelle,Non,,,,
2024,22863,13,13034,Eygalières,2024-08-03 08:33:00,1300,1300,0,0,0,0,,,,,Mesurées,1,Naturelle,Non,,,,
2024,21384,34,34277,Saint-Maurice-Navacelles,2024-08-03 09:22:00,667,667,0,0,0,0,,,,,Estimées,1,Accidentelle,Non,,,,
2024,28252,2A,2A041,Bonifacio,2024-08-03 11:30:00,3800,0,3800,0,0,0,,,,,Mesurées,,Accidentelle,Non,,,,
2024,28251,2A,2A041,Bonifacio,2024-08-03 11:30:00,900,0,900,0,0,0,,,,,Mesurées,,Accidentelle,Non,,,,
2024,22866,13,13015,Bouc-Bel-Air,2024-08-03 15:10:00,60,60,0,0,0,0,,,,,Mesurées,1,Malveillance,Non,,,,
2024,22868,13,13015,Bouc-Bel-Air,2024-08-03 15:10:00,1750,1750,0,0,0,0,,,,,Mesurées,1,Malveillance,Non,,,,
2024,22867,13,13015,Bouc-Bel-Air,2024-08-03 15:15:00,2,2,0,0,0,0,,,,,Mesurées,1,Malveillance,Non,,,,
2024,22869,13,13015,Bouc-Bel-Air,2024-08-03 15:15:00,2,2,0,0,0,0,,,,,Mesurées,1,Malveillance,Non,,,,
2024,22865,13,13041,Gardanne,2024-08-03 15:29:00,1500,1500,0,0,0,0,,,,,Mesurées,1,Malveillance,Non,,,,
2024,22864,13,13001,Aix-en-Provence,2024-08-03 15:30:00,10,10,0,0,0,0,,,,,Mesurées,1,Malveillance,Non,,,,
2024,22862,13,13041,Gardanne,2024-08-03 16:01:00,14000,14000,0,0,0,0,,,,,Mesurées,1,Malveillance,Non,,,,
2024,21380,34,34069,Cazouls-lès-Béziers,2024-08-03 17:35:00,5148,5148,0,0,0,0,,,,,Mesurées,1,Involontaire (particulier),Non,,,,
2024,25913,11,11370,Salles-d'Aude,2024-08-03 20:50:00,450,450,0,0,0,0,,,,,Mesurées,,,Non,,,,
2024,22317,11,11037,Berriac,2024-08-04 00:18:00,8700,1000,0,0,7700,0,,,,,Mesurées,,,Non,,,,
2024,22318,11,11170,Gruissan,2024-08-04 01:57:00,50,0,50,0,0,0,,,,,Mesurées,,,Non,,,,
2024,21372,34,34031,Bessan,2024-08-04 06:03:00,1823,1823,0,0,0,0,,,,,Mesurées,4,Malveillance,Non,,,,
2024,28812,7,7209,Saint-Andéol-de-Fourchades,2024-08-04 08:48:00,200,200,0,0,0,0,,,,,Estimées,3,Involontaire (travaux),Non,,,,
2024,28734,7,7295,Saint-Sauveur-de-Montagut,2024-08-04 12:47:00,2,2,0,0,0,0,,,,,Estimées,3,Malveillance,Non,,,,
2024,24281,976,97606,Chirongui,2024-08-04 12:50:00,30000,30000,,0,0,0,,,,,Estimées,,Involontaire (travaux),Non,,,,
2024,21370,34,34032,Béziers,2024-08-04 12:59:00,17950,17950,0,0,0,0,,,,,Mesurées,1,,Non,,,,
2024,22320,11,11330,Rustiques,2024-08-04 13:06:00,235,235,0,0,0,0,,,,,Mesurées,,,Non,,,,
2024,22871,13,13056,Martigues,2024-08-04 13:48:00,7500,7500,0,0,0,0,,,,,Mesurées,1,Malveillance,Non,,,,
2024,22321,11,11436,Villesèque-des-Corbières,2024-08-04 14:13:00,500,0,500,0,0,0,,,,,Mesurées,,,Non,,,,
2024,21683,13,13055,Marseille,2024-08-04 15:22:00,10000,5000,3000,0,2000,0,,,,,Estimées,1,Malveillance,Non,,,,
2024,28254,2A,2A040,Bocognano,2024-08-04 15:45:00,150,0,150,0,0,0,,,,,Mesurées,,Naturelle,Non,,,,
2024,22322,11,11369,Sallèles-d'Aude,2024-08-04 17:19:00,30,0,30,0,0,0,,,,,Mesurées,,,Non,,,,
2024,22323,11,11025,Bagnoles,2024-08-04 17:54:00,39900,39900,0,0,0,0,,,,,Mesurées,,Malveillance,Non,,,,
2024,21364,34,34188,Olmet-et-Villecun,2024-08-04 18:09:00,7333,7333,0,0,0,0,,,,,Mesurées,3,Malveillance,Non,,,,
2024,22870,13,13063,Miramas,2024-08-04 18:53:00,20,20,0,0,0,0,,,,,Mesurées,1,Involontaire (particulier),Non,,,,
2024,28253,2A,2A031,Bastelica,2024-08-04 19:15:00,187000,7000,180000,0,0,0,,,,,Mesurées,,Naturelle,Non,,,,
2024,22324,11,11040,Bizanet,2024-08-04 20:23:00,5000,0,5000,0,0,0,,,,,Mesurées,,,Non,,,,
2024,22325,11,11069,Carcassonne,2024-08-04 22:12:00,3000,0,3000,0,0,0,,,,,Mesurées,,,Non,,,,
2024,22011,4,4039,Castellane,2024-08-05 07:34:00,2,2,0,0,0,0,,,,,Mesurées,,Involontaire (particulier),Non,,,,
2024,22873,13,13039,Fos-sur-Mer,2024-08-05 12:09:00,150,150,0,0,0,0,,,,,Mesurées,1,,Non,,,,
2024,28818,7,7232,Saint-Étienne-de-Lugdarès,2024-08-05 14:30:00,500,500,0,0,0,0,,,,,Estimées,4,Naturelle,Non,,,,
2024,21453,6,6158,Villars-sur-Var,2024-08-05 15:44:00,500,0,500,0,0,0,,,,,Estimées,,Naturelle,Non,,,,
2024,21529,48,48127,Monts-de-Randon,2024-08-05 16:35:00,600,0,600,0,0,0,,,,,Mesurées,1,Involontaire (travaux),Non,,,,
2024,22872,13,13097,Saint-Martin-de-Crau,2024-08-05 16:54:00,12000,12000,0,0,0,0,,,,,Mesurées,1,Accidentelle,Non,,,,
2024,21659,34,34170,Montouliers,2024-08-05 17:42:00,474300,474300,0,0,0,0,,,,,Mesurées,1,Involontaire (travaux),Non,,,,
2024,21656,34,34016,Aumelas,2024-08-05 21:04:00,788,0,788,0,0,0,,,,,Mesurées,1,Accidentelle,Non,,,,
2024,28256,2A,2A189,Olmeto,2024-08-05 21:15:00,20,0,20,0,0,0,,,,,Mesurées,,Involontaire (particulier),Non,,,,
2024,21464,2B,2B236,Poggio-di-Nazza,2024-08-05 21:18:00,1,0,1,0,0,0,,,,,Estimées,,Naturelle,Non,,,,
2024,28255,2A,2A247,Porto-Vecchio,2024-08-05 22:30:00,20,0,20,0,0,0,,,,,Mesurées,,Involontaire (particulier),Non,,,,
2024,22896,13,13055,Marseille,2024-08-06 07:22:00,2000,0,2000,0,0,0,,,,,Estimées,1,Malveillance,Non,,,,
2024,22874,13,13026,Châteauneuf-les-Martigues,2024-08-06 10:50:00,20,20,0,0,0,0,,,,,Mesurées,1,Involontaire (particulier),Non,,,,
2024,28078,84,84078,Mondragon,2024-08-06 11:29:00,2,2,0,0,0,0,,,,,Estimées,,,Non,,,,
2024,22331,11,11435,Villerouge-Termenès,2024-08-06 15:02:00,600,0,600,0,0,0,,,,,Mesurées,,Malveillance,Non,,,,
2024,26987,24,24292,Montpeyroux,2024-08-06 17:00:00,8000,8000,,0,0,0,,,,,Estimées,,Malveillance,Non,,,,
2024,26774,33,33144,Cudos,2024-08-06 19:42:14,150,150,,0,0,0,,,,,Estimées,,,Non,0,0,0,
2024,22332,11,11397,Trèbes,2024-08-06 21:35:00,3323,0,3323,0,0,0,,,,,Mesurées,,Malveillance,Non,,,,
2024,22876,13,13051,Lançon-Provence,2024-08-07 00:16:00,20,20,0,0,0,0,,,,,Mesurées,1,Involontaire (particulier),Non,,,,
2024,21648,34,34010,Aniane,2024-08-07 00:42:00,946,946,0,0,0,0,,,,,Mesurées,1,Malveillance,Non,,,,
2024,22139,26,26249,Pont-de-Barret,2024-08-07 11:07:29,5,5,0,0,0,0,,,,,Estimées,,,Non,,,,
2024,21710,2B,2B102,Crocicchia,2024-08-07 11:39:00,7000,0,7000,0,0,0,,,,,Estimées,1,,Non,,,,
2024,21642,34,34092,Cruzy,2024-08-07 12:59:00,255600,255600,0,0,0,0,,,,,Mesurées,1,Involontaire (travaux),Non,,,,
2024,21639,34,34051,Canet,2024-08-07 15:17:00,75,75,0,0,0,0,,,,,Mesurées,1,Accidentelle,Non,,,,
2024,22336,11,11025,Bagnoles,2024-08-07 15:26:00,500,500,,,,,,,,,Mesurées,,,Non,0,0,0,
2024,22877,13,13044,Grans,2024-08-07 15:50:00,800,800,0,0,0,0,,,,,Mesurées,1,,Non,,,,
2024,28802,7,7209,Saint-Andéol-de-Fourchades,2024-08-07 16:35:00,100,100,0,0,0,0,,,,,Estimées,3,Involontaire (travaux),Non,,,,
2024,22337,11,11069,Carcassonne,2024-08-07 18:09:00,4000,0,4000,0,0,0,,,,,Mesurées,,,Non,,,,
2024,28507,30,30062,Calvisson,2024-08-07 18:10:00,717,717,,,,,,,,,Mesurées,,Involontaire (particulier),Non,,,,
2024,21998,4,4023,Bayons,2024-08-07 21:30:00,26500,26500,0,0,0,0,,,,,Mesurées,5,Naturelle,Non,,,,
2024,28508,30,30138,Langlade,2024-08-08 03:27:00,198,198,,,,,,,,,Mesurées,,Involontaire (particulier),Non,,,,
2024,22899,13,13055,Marseille,2024-08-08 05:37:00,200,0,200,0,0,0,,,,,Estimées,1,Malveillance,Non,,,,
2024,21814,5,5026,Ceillac,2024-08-08 06:58:00,50,50,0,0,0,0,,,,,Estimées,,Involontaire (particulier),Non,,,,
2024,25932,73,73232,Sainte-Foy-Tarentaise,2024-08-08 12:23:00,10,10,,0,0,0,,,,,Mesurées,,,Non,,,,
2024,22879,13,13056,Martigues,2024-08-08 12:51:00,50,50,0,0,0,0,,,,,Mesurées,1,Involontaire (particulier),Non,,,,
2024,21879,58,58160,Marzy,2024-08-08 15:02:00,250,250,,0,0,0,,,,,Estimées,,,Non,,,,
2024,22339,11,11063,Campagne-sur-Aude,2024-08-08 16:19:00,9000,0,9000,0,0,0,,,,,Mesurées,,Accidentelle,Non,,,,
2024,22340,11,11435,Villerouge-Termenès,2024-08-08 17:16:00,300,300,0,0,0,0,,,,,Mesurées,,Malveillance,Non,,,,
2024,22880,13,13079,Puyloubier,2024-08-08 17:28:00,2000,2000,0,0,0,0,,,,,Mesurées,1,,Non,,,,
2024,26933,24,24272,Minzac,2024-08-08 17:39:00,1000,1000,,0,0,0,,,,,Estimées,,Involontaire (particulier),Non,0,0,0,
2024,22341,11,11299,Preixan,2024-08-08 18:42:00,650,100,,,550,,,,,,Mesurées,,,Non,0,0,0,
2024,22878,13,13019,Cabriès,2024-08-08 19:27:00,2000,2000,0,0,0,0,,,,,Mesurées,1,Involontaire (particulier),Non,,,,
2024,28084,84,84026,Cadenet,2024-08-09 01:56:00,1600,1600,0,0,0,0,,,,,Mesurées,5,,Non,,,,
2024,21579,66,66222,Vernet-les-Bains,2024-08-09 12:10:00,20,20,0,0,0,0,,,,,Estimées,,Naturelle,Non,,,,
2024,21980,63,63463,Viscomtat,2024-08-09 13:27:00,500,500,,0,0,0,,,,,Estimées,,,Non,,,,
2024,21979,63,63463,Viscomtat,2024-08-09 13:27:00,100,100,,0,0,0,,,,,Estimées,,,Non,,,,
2024,26528,17,17241,Montguyon,2024-08-09 14:44:00,300,300,,0,0,0,,,,,Estimées,,Accidentelle,Non,0,0,0,
2024,22882,13,13081,Rognac,2024-08-09 15:05:00,2000,2000,0,0,0,0,,,,,Mesurées,1,Involontaire (particulier),Non,,,,
2024,28257,2A,2A089,Ciamannacce,2024-08-09 16:31:00,10,0,10,0,0,0,,,,,Mesurées,,Naturelle,Non,,,,
2024,23047,74,74235,Saint-Germain-sur-Rhône,2024-08-09 18:53:00,1,1,,0,0,0,,,,,Estimées,,,Non,,,,
2024,22892,13,13055,Marseille,2024-08-09 21:19:00,300,0,300,0,0,0,,,,,Estimées,6,Malveillance,Non,,,,
2024,22898,13,13055,Marseille,2024-08-09 23:09:00,500,100,400,0,0,0,,,,,Estimées,2,Accidentelle,Non,,,,
2024,22881,13,13110,Trets,2024-08-09 23:12:00,5,5,0,0,0,0,,,,,Mesurées,1,,Non,,,,
2024,22811,13,13071,Les Pennes-Mirabeau,2024-08-10 00:33:00,30,30,0,0,0,0,,,,,Mesurées,1,Involontaire (particulier),Non,,,,
2024,21718,2B,2B095,Corscia,2024-08-10 03:21:00,3000,0,3000,0,0,0,,,,,Estimées,,,Non,,,,
2024,22813,13,13047,Istres,2024-08-10 04:13:00,30,30,0,0,0,0,,,,,Mesurées,1,Malveillance,Non,,,,
2024,24180,56,56172,Plumelec,2024-08-10 10:26:00,10,10,,0,0,0,,,,,Estimées,,,Non,,,,
2024,22902,13,13055,Marseille,2024-08-10 11:43:00,25,0,25,0,0,0,,,,,Estimées,5,,Non,,,,
2024,25314,27,27116,Brionne,2024-08-10 11:46:00,22000,22000,,0,0,0,,,,,Mesurées,,Malveillance,Non,,,,
2024,22822,13,13001,Aix-en-Provence,2024-08-10 13:24:00,5,5,0,0,0,0,,,,,Mesurées,1,Involontaire (particulier),Non,,,,
2024,21821,6,6058,Escragnolles,2024-08-10 14:47:00,300,0,300,0,0,0,,,,,Estimées,,Involontaire (particulier),Non,,,,
2024,22345,11,11094,Clermont-sur-Lauquet,2024-08-10 15:24:00,600,600,0,0,0,0,,,,,Mesurées,,Accidentelle,Non,,,,
2024,24190,56,56169,Plouhinec,2024-08-10 15:25:00,250,250,,0,0,0,,,,,Estimées,,,Non,,,,
2024,21892,44,44001,Abbaretz,2024-08-10 15:45:00,70,70,,0,0,0,,,,,Estimées,,,Non,,,,
2024,24182,56,56172,Plumelec,2024-08-10 15:56:00,300,300,,0,0,0,,,,,Estimées,,,Non,,,,
2024,27063,40,40123,Herm,2024-08-10 16:16:00,76196,76196,,0,0,0,,,,,Mesurées,,Involontaire (travaux),Non,0,0,0,
2024,22812,13,13071,Les Pennes-Mirabeau,2024-08-10 16:40:00,250,250,0,0,0,0,,,,,Mesurées,1,Involontaire (particulier),Non,,,,
2024,22346,11,11251,Val-de-Dagne,2024-08-10 17:22:00,150,0,150,0,0,0,,,,,Mesurées,,Malveillance,Non,,,,
2024,24779,49,49369,Vernoil-le-Fourrier,2024-08-10 18:36:00,4,4,,0,0,0,,,,,Estimées,,Accidentelle,Non,,,,
2024,28710,7,7209,Saint-Andéol-de-Fourchades,2024-08-10 19:15:00,1,1,0,0,0,0,,,,,Estimées,3,Involontaire (travaux),Non,,,,
2024,21605,34,34129,Lattes,2024-08-10 19:36:00,72,0,72,0,0,0,,,,,Estimées,1,Involontaire (particulier),Non,,,,
2024,21602,34,34276,Saint-Mathieu-de-Tréviers,2024-08-11 11:01:00,270,270,0,0,0,0,,,,,Mesurées,2,Accidentelle,Non,,,,
2024,26369,47,47021,Barbaste,2024-08-11 14:47:00,364600,364600,,0,0,0,,,,,Mesurées,,Malveillance,Non,,,,
2024,23923,59,59045,Baives,2024-08-11 14:58:00,50,50,,0,0,0,,,,,Estimées,,Involontaire (travaux),Non,,,,
2024,23325,35,35236,Redon,2024-08-11 15:56:00,1500,1500,,0,0,0,,,,,Estimées,,,Non,,,,
2024,22348,11,11248,Montirat,2024-08-11 16:29:00,1,1,0,0,0,0,,,,,Mesurées,,,Non,,,,
2024,24391,12,12300,Villefranche-de-Rouergue,2024-08-11 17:53:00,25000,25000,,0,0,0,,,,,Mesurées,,,Non,,,,
2024,22145,26,26149,Hostun,2024-08-11 19:06:00,2000,0,2000,0,0,0,,,,,Estimées,,Involontaire (particulier),Non,,,,
2024,23055,74,74135,Giez,2024-08-11 20:18:00,1,1,,0,0,0,,,,,Estimées,,,Non,,,,
2024,22500,88,88302,Le Ménil,2024-08-12 06:01:00,1,1,,0,0,0,,,,,Estimées,,Naturelle,Non,,,,
2024,23058,74,74010,Annecy,2024-08-12 09:03:00,1,1,,0,0,0,,,,,Estimées,,,Non,,,,
2024,22818,13,13079,Puyloubier,2024-08-12 09:51:00,200,200,0,0,0,0,,,,,Mesurées,1,Accidentelle,Non,,,,
2024,21739,48,48009,Peyre en Aubrac,2024-08-12 13:00:00,20,0,20,0,0,0,,,,,Estimées,1,Accidentelle,Non,,,,
2024,22821,13,13005,Aubagne,2024-08-12 15:36:00,100,100,0,0,0,0,,,,,Mesurées,1,Involontaire (particulier),Non,,,,
2024,22820,13,13015,Bouc-Bel-Air,2024-08-12 15:43:00,34,34,0,0,0,0,,,,,Mesurées,1,,Non,,,,
2024,28519,30,30147,Lézan,2024-08-12 15:59:00,9550,9550,0,0,0,0,,,,,Mesurées,,Involontaire (travaux),Non,,,,
2024,21724,2B,2B320,Tallone,2024-08-12 16:02:00,130000,0,130000,0,0,0,,,,,Estimées,1,,Non,,,,
2024,22819,13,13040,Fuveau,2024-08-12 19:28:00,50,50,0,0,0,0,,,,,Estimées,1,Malveillance,Non,,,,
2024,28258,2A,2A017,Appietto,2024-08-12 22:18:00,1000,0,1000,0,0,0,,,,,Mesurées,,Malveillance,Non,,,,
2024,28772,7,7196,Rocles,2024-08-13 00:16:00,20,20,0,0,0,0,,,,,Estimées,3,,Non,,,,
2024,28266,2A,2A017,Appietto,2024-08-13 01:24:00,10000,0,10000,0,0,0,,,,,Mesurées,,Malveillance,Non,,,,
2024,28261,2A,2A048,Calcatoggio,2024-08-13 01:24:00,10000,0,10000,0,0,0,,,,,Mesurées,,Malveillance,Non,,,,
2024,28263,2A,2A017,Appietto,2024-08-13 01:24:00,38000,0,38000,0,0,0,,,,,Mesurées,,Malveillance,Non,,,,
2024,28260,2A,2A048,Calcatoggio,2024-08-13 01:24:00,20000,0,20000,0,0,0,,,,,Mesurées,,Malveillance,Non,,,,
2024,26795,33,33236,Lège-Cap-Ferret,2024-08-13 02:17:05,100,100,,0,0,0,,,,,Estimées,,,Non,0,0,0,
2024,21915,2B,2B039,Bisinchi,2024-08-13 11:40:00,80000,0,80000,0,0,0,,,,,Estimées,1,,Non,,,,
2024,28096,84,84020,Bonnieux,2024-08-13 11:55:00,100,100,0,0,0,0,,,,,Mesurées,,Involontaire (particulier),Non,,,,
2024,28265,2A,2A103,Cuttoli-Corticchiato,2024-08-13 13:02:00,150,0,150,0,0,0,,,,,Mesurées,,,Non,,,,
2024,28264,2A,2A268,Sampolo,2024-08-13 14:17:00,500,0,500,0,0,0,,,,,Mesurées,,Malveillance,Non,,,,
2024,23060,74,74102,Dingy-Saint-Clair,2024-08-13 16:00:00,1,1,,0,0,0,,,,,Estimées,,,Non,,,,
2024,23099,974,97412,Saint-Joseph,2024-08-13 16:04:00,80,80,,0,0,0,,,,,Mesurées,,,Non,,,,
2024,22349,11,11012,Argeliers,2024-08-13 16:42:00,80,0,80,0,0,0,,,,,Mesurées,,,Non,,,,
2024,26529,17,17452,La Tremblade,2024-08-13 17:00:00,50,50,,0,0,0,,,,,Estimées,,,Non,0,0,0,
2024,28262,2A,2A247,Porto-Vecchio,2024-08-13 17:52:00,663,0,663,0,0,0,,,,,Mesurées,,Malveillance,Non,,,,
2024,21751,1,1419,Thoiry,2024-08-13 18:00:00,20000,10000,,10000,0,0,,,,,Estimées,,Naturelle,Non,,,,
2024,21740,48,48088,La Malène,2024-08-13 19:00:00,20,0,20,0,0,0,,,,,Estimées,,Naturelle,Non,,,,
2024,21862,34,34035,La Boissière,2024-08-13 19:15:00,68270,0,68270,0,0,0,,,,,Mesurées,1,Involontaire (travaux),Non,,,,
2024,22004,4,4024,Beaujeu,2024-08-13 19:23:00,3900,3900,0,0,0,0,,,,,Mesurées,5,Naturelle,Non,,,,
2024,28524,30,30045,Bordezac,2024-08-13 19:57:00,27,27,,,,,,,,,Mesurées,,Naturelle,Non,,,,
2024,28259,2A,2A017,Appietto,2024-08-13 20:25:00,30,0,30,0,0,0,,,,,Mesurées,,Malveillance,Non,,,,
2024,21817,5,5124,La Rochette,2024-08-13 22:10:00,340,340,0,0,0,0,,,,,Mesurées,,Naturelle,Non,,,,
2024,26952,24,24183,Fleurac,2024-08-14 00:46:00,70,70,,0,0,0,,,,,Estimées,,Malveillance,Non,0,0,0,
2024,28098,84,84144,Viens,2024-08-14 12:40:00,400,400,0,0,0,0,,,,,Estimées,,Accidentelle,Non,,,,
2024,21921,2B,2B185,Oletta,2024-08-14 12:42:00,169600,0,169600,0,0,0,,,,,Mesurées,1,Malveillance,Non,,,,
2024,21919,2B,2B354,Vivario,2024-08-14 13:43:00,10,0,10,0,0,0,,,,,Estimées,,,Non,,,,
2024,21822,6,6163,Tende,2024-08-14 15:16:00,1000,0,1000,0,0,0,,,,,Estimées,,Naturelle,Non,,,,
2024,21920,2B,2B023,Asco,2024-08-14 16:46:00,10000,0,10000,0,0,0,,,,,Estimées,1,Naturelle,Non,,,,
2024,25343,85,85012,La Barre-de-Monts,2024-08-14 18:45:00,20,20,,0,0,0,,,,,Estimées,,Naturelle,Non,,,,
2024,21808,48,48152,Ventalon en Cévennes,2024-08-14 19:00:00,1000,1000,0,0,0,0,,,,,Mesurées,1,Naturelle,,,,,Données partielles ou non valides
2024,22007,4,4039,Castellane,2024-08-14 19:06:00,600,600,0,0,0,0,,,,,Estimées,,Naturelle,Non,,,,
2024,26859,33,33454,Saint-Morillon,2024-08-15 03:15:14,15000,15000,,0,0,0,,,,,Estimées,,,Non,0,0,0,
2024,21828,6,6112,Le Rouret,2024-08-15 06:57:00,20,0,20,0,0,0,,,,,Estimées,,Naturelle,Non,,,,
2024,21824,6,6015,Berre-les-Alpes,2024-08-15 07:55:00,700,0,700,0,0,0,,,,,Estimées,,Naturelle,Non,,,,
2024,22008,4,4053,Châteauneuf-Val-Saint-Donat,2024-08-15 08:36:00,20,20,0,0,0,0,,,,,Estimées,,Naturelle,,,,,Données partielles ou non valides
2024,21826,6,6035,Castellar,2024-08-15 08:39:00,150,0,150,0,0,0,,,,,Estimées,,Naturelle,Non,,,,
2024,21825,6,6023,Breil-sur-Roya,2024-08-15 08:46:00,10,0,10,0,0,0,,,,,Estimées,,Naturelle,Non,,,,
2024,21827,6,6069,Grasse,2024-08-15 08:50:00,50,0,50,0,0,0,,,,,Estimées,,Naturelle,Non,,,,
2024,21809,48,48096,Meyrueis,2024-08-15 10:05:00,5,0,5,0,0,0,,,,,Estimées,1,Naturelle,Non,,,,Données partielles ou non valides
2024,22110,6,6083,Menton,2024-08-15 10:48:00,10,0,10,0,0,0,,,,,Estimées,,,Non,,,,
2024,21829,6,6057,L'Escarène,2024-08-15 10:56:00,30,0,30,0,0,0,,,,,Estimées,,Naturelle,Non,,,,
2024,22816,13,13051,Lançon-Provence,2024-08-15 11:29:00,300,300,0,0,0,0,,,,,Mesurées,1,Accidentelle,Non,,,,
2024,22009,4,4171,Rougon,2024-08-15 12:14:00,50,50,0,0,0,0,,,,,Estimées,,Naturelle,Non,,,,
2024,21830,6,6034,Castagniers,2024-08-15 12:14:00,2800,2800,0,0,0,0,,,,,Mesurées,3,Naturelle,Non,,,,
2024,28267,2A,2A004,Ajaccio,2024-08-15 12:23:00,10,0,10,0,0,0,,,,,Mesurées,,Accidentelle,Non,,,,
2024,28268,2A,2A004,Ajaccio,2024-08-15 12:23:00,20,0,20,0,0,0,,,,,Mesurées,,Accidentelle,Non,,,,
2024,21823,6,6079,Mandelieu-la-Napoule,2024-08-15 13:04:00,20,0,20,0,0,0,,,,,Estimées,,Naturelle,Non,,,,
2024,22817,13,13056,Martigues,2024-08-15 15:22:00,6,6,0,0,0,0,,,,,Mesurées,1,Involontaire (particulier),Non,,,,
2024,22108,6,6003,Andon,2024-08-15 15:44:00,200,200,0,0,0,0,,,,,Estimées,4,Naturelle,Non,,,,
2024,21810,26,26321,Saint-Nazaire-le-Désert,2024-08-15 16:18:00,20,0,20,0,0,0,,,,,Estimées,4,Naturelle,Non,,,,
2024,21847,34,34299,Sérignan,2024-08-15 16:58:00,39777,0,39777,0,0,0,,,,,Mesurées,1,Malveillance,Oui,0,4,0,
2024,25345,85,85012,La Barre-de-Monts,2024-08-15 17:20:00,1000,1000,,0,0,0,,,,,Estimées,,Naturelle,Non,,,,
2024,22815,13,13026,Châteauneuf-les-Martigues,2024-08-16 13:31:00,255,255,0,0,0,0,,,,,Mesurées,1,Accidentelle,Non,,,,
2024,23068,74,74001,Abondance,2024-08-16 15:34:00,4,4,,0,0,0,,,,,Estimées,,,Non,,,,
2024,22356,11,11043,Bouilhonnac,2024-08-16 15:43:00,547776,12500,408776,0,126500,0,,,,,Mesurées,,Malveillance,Non,,,,
2024,28271,2A,2A114,Figari,2024-08-16 17:47:00,3,0,3,0,0,0,,,,,Mesurées,,Naturelle,Non,,,,
2024,28272,2A,2A247,Porto-Vecchio,2024-08-16 18:31:00,1756,1756,0,0,0,0,,,,,Mesurées,,Naturelle,Non,,,,
2024,28269,2A,2A247,Porto-Vecchio,2024-08-16 18:31:00,80,0,80,0,0,0,,,,,Mesurées,,Naturelle,Non,,,,
2024,28270,2A,2A247,Porto-Vecchio,2024-08-16 18:31:00,3,0,3,0,0,0,,,,,Mesurées,,Naturelle,Non,,,,
2024,26800,33,33499,Les Salles-de-Castillon,2024-08-16 20:40:29,300,300,,0,0,0,,,,,Estimées,,,Non,0,0,0,
2024,28274,2A,2A300,San-Gavino-di-Carbini,2024-08-17 09:16:00,80,80,0,0,0,0,,,,,Mesurées,,Naturelle,Non,,,,
2024,22111,6,6136,Sospel,2024-08-17 11:55:00,10,0,10,0,0,0,,,,,Estimées,,,Non,,,,
2024,22800,13,13001,Aix-en-Provence,2024-08-17 12:20:00,560,560,0,0,0,0,,,,,Mesurées,1,Accidentelle,Non,,,,
2024,22814,13,13047,Istres,2024-08-17 13:29:00,110,110,0,0,0,0,,,,,Mesurées,1,,Non,,,,
2024,28823,7,7330,Vallon-Pont-d'Arc,2024-08-17 13:58:00,1000,0,1000,0,0,0,,,,,Estimées,5,Involontaire (particulier),Non,,,,
2024,28273,2A,2A288,Sotta,2024-08-17 15:00:00,50,50,0,0,0,0,,,,,Mesurées,,Naturelle,Non,,,,
2024,21835,34,34113,Gigean,2024-08-18 15:11:00,3099500,3099500,0,0,0,0,,,,,Mesurées,4,Malveillance,Non,,,,
2024,21926,2B,2B156,Mausoléo,2024-08-18 15:26:00,5000,0,5000,0,0,0,,,,,Estimées,1,,Non,,,,
2024,26989,24,24587,Vitrac,2024-08-18 15:40:00,10100,100,,10000,0,0,,,,,Estimées,,Involontaire (particulier),Non,,,,
2024,22801,13,13039,Fos-sur-Mer,2024-08-18 16:51:00,200,200,0,0,0,0,,,,,Mesurées,1,Accidentelle,Non,,,,
2024,21890,44,44103,Montoir-de-Bretagne,2024-08-18 18:00:00,10,10,,0,0,0,,,,,Estimées,,,Non,,,,
2024,28102,84,84026,Cadenet,2024-08-18 21:13:00,600,600,0,0,0,0,,,,,Mesurées,,Malveillance,Non,,,,
2024,21833,34,34183,Nissan-lez-Enserune,2024-08-18 21:25:00,391100,391100,0,0,0,0,,,,,Mesurées,1,Malveillance,Non,,,,
2024,28275,2A,2A362,Zonza,2024-08-18 22:37:00,1242,0,1242,0,0,0,,,,,Mesurées,,Malveillance,Non,,,,
2024,22803,13,13081,Rognac,2024-08-19 01:09:00,500,500,0,0,0,0,,,,,Mesurées,1,,Non,,,,
2024,22922,29,29012,Bolazec,2024-08-19 12:25:00,150,150,,0,0,0,,,,,Estimées,,Malveillance,Non,,,,
2024,28106,84,84129,Sorgues,2024-08-19 12:46:00,29000,1700,0,27300,0,0,,,,,Mesurées,,,Non,,,,
2024,22097,34,34213,Poussan,2024-08-19 13:46:00,512,0,512,0,0,0,,,,,Mesurées,1,Malveillance,Non,,,,
2024,22096,34,34194,Paulhan,2024-08-19 14:48:00,7986,0,7986,0,0,0,,,,,Mesurées,1,Malveillance,Non,,,,
2024,22095,34,34235,Rosis,2024-08-19 14:52:00,158,158,0,0,0,0,,,,,Mesurées,4,Involontaire (particulier),Non,,,,
2024,28529,30,30344,Vergèze,2024-08-19 16:45:00,1303,1303,,,,,,,,,Mesurées,,,Non,,,,
2024,28278,2A,2A254,Quenza,2024-08-19 17:05:00,112000,2000,110000,0,0,0,,,,,Mesurées,,Naturelle,Non,,,,
2024,22106,5,5046,Embrun,2024-08-19 17:48:00,300,300,0,0,0,0,,,,,Estimées,,,Non,,,,
2024,28277,2A,2A103,Cuttoli-Corticchiato,2024-08-19 17:58:00,20,0,20,0,0,0,,,,,Mesurées,,,Non,,,,
2024,27044,40,40310,Soustons,2024-08-19 18:53:00,2000,2000,,0,0,0,,,,,Estimées,,,Non,0,0,0,
2024,28276,2A,2A160,Moca-Croce,2024-08-19 19:45:00,10,0,10,0,0,0,,,,,Mesurées,,Naturelle,Non,,,,
2024,22361,11,11325,Rouffiac-d'Aude,2024-08-19 21:46:00,1500,0,1500,0,0,0,,,,,Mesurées,,,Non,,,,
2024,22189,66,66069,Espira-de-l'Agly,2024-08-20 03:37:00,45000,0,45000,0,0,0,,,,,Mesurées,,Malveillance,Non,,,,
2024,22363,11,11116,Cuxac-d'Aude,2024-08-20 05:14:00,500,0,500,0,0,0,,,,,Mesurées,,,Non,,,,
2024,21927,26,26188,Mollans-sur-Ouvèze,2024-08-20 12:22:00,10,10,0,0,0,0,,,,,Estimées,,Accidentelle,Non,,,,
2024,26534,17,17230,Meschers-sur-Gironde,2024-08-20 12:49:00,300,300,,0,0,0,,,,,Estimées,,,Non,0,0,0,
2024,22087,34,34032,Béziers,2024-08-20 14:26:00,26873,26873,0,0,0,0,,,,,Mesurées,2,Accidentelle,Non,,,,
2024,21929,81,81249,Sainte-Gemme,2024-08-20 14:56:00,100,100,,0,0,0,,,,,Estimées,,Accidentelle,Non,,,,
2024,21939,26,26191,Montboucher-sur-Jabron,2024-08-20 16:18:00,300,300,0,0,0,0,,,,,Estimées,,,Non,,,,
2024,21945,26,26026,Barret-de-Lioure,2024-08-20 20:02:00,2500,2500,0,0,0,0,,,,,Estimées,,,Non,,,,
2024,22364,11,11069,Carcassonne,2024-08-20 21:00:00,200,0,200,0,0,0,,,,,Mesurées,,,Non,,,,
2024,22365,11,11132,Fabrezan,2024-08-20 23:28:00,7433,0,7433,0,0,0,,,,,Mesurées,,Malveillance,Non,,,,
2024,28847,7,7115,Labeaume,2024-08-21 12:03:00,20000,5000,15000,0,0,0,,,,,Estimées,5,,Non,,,,
2024,21952,26,26324,Saint-Paul-Trois-Châteaux,2024-08-21 14:16:00,20000,20000,0,0,0,0,,,,,Estimées,,,Non,,,,
2024,22368,11,11266,Port-la-Nouvelle,2024-08-21 14:24:00,10,0,10,0,0,0,,,,,Mesurées,,,Non,,,,
2024,22191,66,66115,Montesquieu-des-Albères,2024-08-21 14:30:00,3140,0,3140,0,0,0,,,,,Mesurées,,Malveillance,Non,,,,
2024,22192,66,66115,Montesquieu-des-Albères,2024-08-21 14:31:00,10,0,10,0,0,0,,,,,Estimées,,Malveillance,Non,,,,
2024,28835,7,7210,Saint-Andéol-de-Vals,2024-08-21 15:56:00,5000,5000,0,0,0,0,,,,,Estimées,3,Malveillance,Non,,,,
2024,22369,11,11293,Pomas,2024-08-21 16:04:00,1967,0,1967,0,0,0,,,,,Mesurées,,Malveillance,Non,,,,
2024,22889,34,34183,Nissan-lez-Enserune,2024-08-21 16:17:00,5500,5500,0,0,0,0,,,,,Mesurées,1,Involontaire (travaux),Non,,,,
2024,22371,11,11146,Floure,2024-08-21 17:04:00,350,0,350,0,0,0,,,,,Mesurées,,,Non,,,,
2024,22073,34,34038,Le Bousquet-d'Orb,2024-08-21 17:07:00,2025,2025,0,0,0,0,,,,,Mesurées,3,,Non,,,,
2024,22071,34,34286,Saint-Privat,2024-08-21 18:11:00,103393,0,103393,0,0,0,,,,,Mesurées,1,Malveillance,Non,,,,
2024,22374,11,11248,Montirat,2024-08-22 00:53:00,1750,1750,0,0,0,0,,,,,Mesurées,,Malveillance,Non,,,,
2024,22198,66,66046,Caudiès-de-Fenouillèdes,2024-08-22 01:20:00,6800,0,6800,0,0,0,,,,,Mesurées,,Malveillance,Non,,,,
2024,22065,34,34144,Lunas,2024-08-22 01:23:00,198,198,0,0,0,0,,,,,Mesurées,3,,Non,,,,
2024,22109,5,5061,Gap,2024-08-22 08:00:00,20,20,0,0,0,0,,,,,Estimées,,Involontaire (particulier),Non,,,,
2024,28536,30,30106,Durfort-et-Saint-Martin-de-Sossenac,2024-08-22 11:31:00,179,179,,,,,,,,,Mesurées,,Involontaire (particulier),Non,,,,
2024,22799,13,13099,Saint-Paul-lès-Durance,2024-08-22 13:28:00,40,40,0,0,0,0,,,,,Mesurées,1,Accidentelle,Oui,0,1,1,
2024,28826,7,7281,Saint-Péray,2024-08-22 15:13:00,1500,1500,0,0,0,0,,,,,Estimées,3,,Non,,,,
2024,28117,84,84068,Lourmarin,2024-08-22 16:34:00,500,500,0,0,0,0,,,,,Mesurées,2,Malveillance,Non,,,,
2024,28539,30,30093,Conqueyrac,2024-08-22 16:45:00,197,197,,,,,,,,,Mesurées,,Involontaire (particulier),Non,,,,
2024,27064,40,40310,Soustons,2024-08-22 16:52:00,7094,7094,,0,0,0,,,,,Mesurées,,Malveillance,Non,,,,
2024,22376,11,11043,Bouilhonnac,2024-08-22 16:55:00,65700,0,65700,0,0,0,,,,,Mesurées,,Malveillance,Non,,,,
2024,28279,2A,2A247,Porto-Vecchio,2024-08-22 17:13:00,20,0,20,0,0,0,,,,,Mesurées,,Accidentelle,Non,,,,
2024,22058,34,34038,Le Bousquet-d'Orb,2024-08-22 17:48:00,4083,4083,0,0,0,0,,,,,Mesurées,3,Involontaire (travaux),Non,,,,
2024,28540,30,30217,Rochefort-du-Gard,2024-08-22 19:06:00,30,30,,,,,,,,,Mesurées,,Involontaire (particulier),Non,,,,
2024,28832,7,7058,Chassiers,2024-08-22 20:51:00,5000,5000,0,0,0,0,,,,,Estimées,4,,Non,,,,
2024,22205,66,66004,Les Angles,2024-08-23 11:26:00,15,15,0,0,0,0,,,,,Estimées,,,Non,,,,
2024,22112,6,6129,Saint-Sauveur-sur-Tinée,2024-08-23 13:47:00,200,200,0,0,0,0,,,,,Estimées,4,Naturelle,Non,,,,
2024,28816,7,7139,Laviolle,2024-08-23 14:01:00,500,500,0,0,0,0,,,,,Estimées,3,Accidentelle,Non,,,,
2024,22798,13,13047,Istres,2024-08-23 14:02:00,10000,10000,0,0,0,0,,,,,Mesurées,1,Accidentelle,Non,,,,
2024,22055,34,34274,Saint-Martin-de-Londres,2024-08-23 14:54:00,21581,0,21581,0,0,0,,,,,Mesurées,1,Involontaire (travaux),Non,,,,
2024,22504,88,88098,Chaumousey,2024-08-23 15:33:00,4,4,,0,0,0,,,,,Estimées,,,Non,,,,
2024,22207,66,66175,Saint-Génis-des-Fontaines,2024-08-23 16:44:00,100,0,100,0,0,0,,,,,Mesurées,,Malveillance,Non,,,,
2024,22206,66,66175,Saint-Génis-des-Fontaines,2024-08-23 16:44:00,140,0,140,0,0,0,,,,,Mesurées,,Malveillance,Non,,,,
2024,22051,34,34017,Aumes,2024-08-23 16:47:00,442,442,0,0,0,0,,,,,Mesurées,4,Malveillance,Non,,,,
2024,28121,84,84068,Lourmarin,2024-08-23 18:27:00,310,310,0,0,0,0,,,,,Mesurées,,Malveillance,Non,,,,
2024,22797,13,13034,Eygalières,2024-08-23 19:02:00,100,100,0,0,0,0,,,,,Mesurées,1,,Non,,,,
2024,26813,33,33029,Le Barp,2024-08-24 10:05:59,100,100,,0,0,0,,,,,Estimées,,,Non,0,0,0,
2024,22131,2B,2B185,Oletta,2024-08-24 11:30:00,200,0,200,0,0,0,,,,,Estimées,,,Non,,,,
2024,26863,33,33151,Donnezac,2024-08-24 13:36:57,20000,20000,,0,0,0,,,,,Estimées,,Accidentelle,Non,0,0,0,
2024,22209,66,66107,Maury,2024-08-24 13:44:00,12000,0,12000,0,0,0,,,,,Mesurées,,Involontaire (particulier),Non,,,,
2024,27049,40,40287,Sanguinet,2024-08-24 13:48:00,1,1,,0,0,0,,,,,Estimées,,,Non,0,0,0,
2024,22120,69,69255,Vaugneray,2024-08-24 14:01:00,76700,23400,,0,53300,0,,,,,Mesurées,,Involontaire (particulier),Oui,0,1,0,
2024,22037,26,26271,La Roche-de-Glun,2024-08-24 14:08:00,2000,2000,0,0,0,0,,,,,Estimées,,,Non,,,,
2024,22121,69,69050,Châtillon,2024-08-24 14:11:00,35024,1024,,0,34000,0,,,,,Mesurées,,Accidentelle,Non,,,,
2024,23070,74,74096,Cruseilles,2024-08-24 14:43:00,30,30,,0,0,0,,,,,Estimées,,Involontaire (travaux),Non,,,,
2024,28542,30,30136,Junas,2024-08-24 16:15:00,262,262,,,,,,,,,Mesurées,,Malveillance,Non,,,,
2024,28543,30,30136,Junas,2024-08-24 16:15:00,183,183,,,,,,,,,Mesurées,,Malveillance,Non,,,,
2024,27065,40,40317,Tosse,2024-08-24 16:47:00,27300,27300,,0,0,0,,,,,Mesurées,,,Non,,,,
2024,22211,66,66225,Villelongue-dels-Monts,2024-08-24 17:16:00,283800,48000,0,0,0,235800,,,,,Mesurées,,Malveillance,Oui,0,0,1,
2024,26864,33,33205,Illats,2024-08-24 17:54:14,12000,12000,,0,0,0,,,,,Estimées,,Accidentelle,Non,0,0,0,
2024,29293,25,25371,Mazerolles-le-Salin,2024-08-24 21:23:59,100,100,,0,0,0,,,,,Estimées,,,Non,0,0,0,
2024,26554,17,17118,Corignac,2024-08-24 21:28:00,20000,20000,,0,0,0,,,,,Estimées,,Malveillance,Non,,,,
2024,26814,33,33333,Le Porge,2024-08-25 03:11:00,1500,1500,,0,0,0,,,,,Estimées,,Malveillance,Non,0,0,0,
2024,22796,13,13103,Salon-de-Provence,2024-08-25 11:27:00,20000,20000,0,0,0,0,,,,,Mesurées,1,Malveillance,Non,,,,
2024,22041,34,34024,Balaruc-le-Vieux,2024-08-25 14:05:00,165,0,165,0,0,0,,,,,Mesurées,1,Malveillance,Non,,,,
2024,22776,13,13041,Gardanne,2024-08-25 18:41:00,100,100,0,0,0,0,,,,,Mesurées,1,Malveillance,Non,,,,
2024,28850,7,7339,Vesseaux,2024-08-25 22:41:00,20000,20000,0,0,0,0,,,,,Estimées,4,Malveillance,Non,,,,
2024,22773,13,13056,Martigues,2024-08-26 00:46:00,300,300,0,0,0,0,,,,,Mesurées,1,Malveillance,Non,,,,
2024,27050,40,40060,Callen,2024-08-26 11:24:00,1000,1000,,0,0,0,,,,,Estimées,,Involontaire (particulier),Non,0,0,0,
2024,22383,11,11043,Bouilhonnac,2024-08-26 11:32:00,2000,0,2000,0,0,0,,,,,Mesurées,,Malveillance,Non,,,,
2024,22382,11,11183,Ladern-sur-Lauquet,2024-08-26 11:35:00,5000,0,4000,0,1000,0,,,,,Mesurées,,Involontaire (travaux),Non,,,,
2024,22459,46,46212,Orniac,2024-08-26 14:41:00,130000,5000,,5000,120000,0,,,,,Mesurées,,Involontaire (travaux),Non,,,,
2024,22774,13,13069,Pélissanne,2024-08-26 14:57:00,10,10,0,0,0,0,,,,,Mesurées,1,Accidentelle,Non,,,,
2024,26991,24,24540,Sorges et Ligueux en Périgord,2024-08-26 15:24:00,10000,10000,,0,0,0,,,,,Estimées,,Accidentelle,Non,,,,
2024,26866,33,33142,Cubnezais,2024-08-26 15:43:50,15000,5000,,10000,0,0,,,,,Estimées,,,Non,0,0,0,
2024,22125,6,6019,Blausasc,2024-08-26 16:27:00,50,50,0,0,0,0,,,,,Estimées,4,,Non,,,,
2024,27183,86,86281,Saint-Martin-la-Pallu,2024-08-26 16:38:53,30,30,,0,0,0,,,,,Estimées,,,Non,0,0,0,
2024,22775,13,13002,Allauch,2024-08-26 17:47:00,44,44,0,0,0,0,,,,,Mesurées,1,Involontaire (particulier),Non,,,,
2024,28127,84,84026,Cadenet,2024-08-26 18:16:00,310,310,0,0,0,0,,,,,Mesurées,,Malveillance,Non,,,,
2024,22240,4,4111,Mane,2024-08-26 19:08:00,410,410,0,0,0,0,,,,,Mesurées,3,Accidentelle,Non,,,,
2024,28759,7,7161,Montpezat-sous-Bauzon,2024-08-26 21:27:00,10,0,10,0,0,0,,,,,Estimées,5,,Non,,,,
2024,28848,7,7118,Laboule,2024-08-26 21:34:00,20000,20000,0,0,0,0,,,,,Estimées,3,,Non,,,,
2024,22904,13,13055,Marseille,2024-08-26 21:51:00,300,0,300,0,0,0,,,,,Estimées,1,Malveillance,Non,,,,
2024,22784,66,66207,Terrats,2024-08-26 22:25:00,500,0,500,0,0,0,,,,,Estimées,,Malveillance,Non,,,,
2024,22785,66,66207,Terrats,2024-08-26 22:26:00,10000,0,10000,0,0,0,,,,,Estimées,,Malveillance,Non,,,,
2024,28544,30,30278,Saint-Laurent-des-Arbres,2024-08-26 23:01:00,386,386,,,,,,,,,Mesurées,,Accidentelle,Non,,,,
2024,22387,11,11146,Floure,2024-08-27 06:08:00,30,0,30,0,0,0,,,,,Mesurées,,Malveillance,Non,,,,
2024,28131,84,84019,Bollène,2024-08-27 10:55:51,1,1,,,,,,,,,Estimées,,,Non,,,,
2024,22440,34,34033,Boisseron,2024-08-27 11:28:00,335,335,0,0,0,0,,,,,Mesurées,1,Involontaire (particulier),Non,,,,
2024,22560,2B,2B156,Mausoléo,2024-08-27 15:21:00,1,0,1,0,0,0,,,,,Estimées,,Naturelle,Non,,,,
2024,28280,2A,2A032,Bastelicaccia,2024-08-27 15:57:00,15,0,15,0,0,0,,,,,Mesurées,,Involontaire (particulier),Non,,,,
2024,28757,7,7119,Le Lac-d'Issarlès,2024-08-27 16:35:00,10,10,0,0,0,0,,,,,Estimées,4,Involontaire (particulier),Non,,,,
2024,28545,30,30338,Vallérargues,2024-08-27 16:40:00,26339,26339,0,0,0,0,,,,,Mesurées,,Involontaire (particulier),Non,,,,
2024,22435,34,34087,Cournonsec,2024-08-27 16:51:00,6273,0,6273,0,0,0,,,,,Mesurées,1,Malveillance,Non,,,,
2024,23094,5,5046,Embrun,2024-08-27 17:26:00,1020,20,0,1000,0,0,,,,,Estimées,,Malveillance,Non,,,,
2024,22603,48,48061,Florac Trois Rivières,2024-08-27 18:00:00,80,80,0,0,0,0,,,,,Mesurées,4,,Non,,,,
2024,22225,6,6144,La Tour,2024-08-27 18:31:00,200,200,0,0,0,0,,,,,Estimées,4,Naturelle,Non,,,,
2024,22224,6,6156,Venanson,2024-08-27 18:47:00,200,0,200,0,0,0,,,,,Estimées,1,Naturelle,Non,,,,
2024,25857,72,72058,Changé,2024-08-28 10:41:00,10,10,,0,0,0,,,,,Estimées,,,Non,,,,
2024,22451,6,6003,Andon,2024-08-28 15:24:00,4500,4200,300,0,0,0,,,,,Mesurées,5,,Non,,,,
2024,27195,86,86009,Archigny,2024-08-28 15:31:00,150000,50000,,100000,0,0,,,,,Estimées,,,Non,,,,
2024,22454,6,6077,Lucéram,2024-08-28 15:32:00,700,700,0,0,0,0,,,,,Estimées,,Naturelle,Non,,,,
2024,23097,37,37210,Saint-Benoît-la-Forêt,2024-08-28 16:20:00,220,220,,0,0,0,,,,,Mesurées,,Involontaire (travaux),Non,,,,
2024,28281,2A,2A204,Pastricciola,2024-08-28 16:33:00,5,5,0,0,0,0,,,,,Mesurées,,Naturelle,Non,,,,
2024,28284,2A,2A024,Aullène,2024-08-28 17:02:00,5,0,5,0,0,0,,,,,Mesurées,,Naturelle,Non,,,,
2024,22561,2B,2B354,Vivario,2024-08-28 17:10:00,200,0,200,0,0,0,,,,,Estimées,,Naturelle,Non,,,,
2024,28282,2A,2A108,Évisa,2024-08-28 17:19:00,10,0,10,0,0,0,,,,,Mesurées,,Naturelle,Non,,,,
2024,28283,2A,2A198,Ota,2024-08-28 18:03:00,1,1,0,0,0,0,,,,,Estimées,,Naturelle,Non,,,,
2024,22236,26,26167,Luc-en-Diois,2024-08-28 18:33:55,3,3,0,0,0,0,,,,,Estimées,,,Non,,,,
2024,23071,74,74213,Poisy,2024-08-28 18:34:00,10,10,,0,0,0,,,,,Estimées,,Involontaire (travaux),Non,,,,
2024,26376,47,47179,Monsempron-Libos,2024-08-28 18:36:00,15000,1000,,14000,0,0,,,,,Estimées,,,Non,,,,
2024,26868,33,33284,Mios,2024-08-28 18:58:00,20000,20000,,0,0,0,,,,,Estimées,,Malveillance,Non,,,,
2024,22381,11,11095,Comigne,2024-08-28 23:29:00,1,0,1,0,0,0,,,,,Mesurées,,,Non,,,,
2024,27052,40,40167,Luxey,2024-08-29 09:50:00,5,5,,0,0,0,,,,,Estimées,,,Non,0,0,0,
2024,24184,56,56221,Saint-Jacut-les-Pins,2024-08-29 10:35:00,200,200,,0,0,0,,,,,Estimées,,,Non,,,,
2024,22426,34,34146,Lunel-Viel,2024-08-29 12:14:00,176,176,0,0,0,0,,,,,Mesurées,2,Malveillance,Non,,,,
2024,28316,2A,2A247,Porto-Vecchio,2024-08-29 13:17:00,383000,1000,380000,0,2000,0,,,,,Mesurées,1,Involontaire (particulier),Oui,0,0,1,
2024,28285,2A,2A032,Bastelicaccia,2024-08-29 15:00:00,2500,0,2500,0,0,0,,,,,Mesurées,,Involontaire (particulier),Non,,,,
2024,22421,34,34079,Clermont-l'Hérault,2024-08-29 15:22:00,8927,8927,0,0,0,0,,,,,Mesurées,1,Involontaire (particulier),Oui,0,1,1,
2024,22772,13,13106,Septèmes-les-Vallons,2024-08-29 15:29:00,230,230,0,0,0,0,,,,,Mesurées,1,Malveillance,Non,,,,
2024,22419,34,34095,Fabrègues,2024-08-29 16:03:00,536,536,0,0,0,0,,,,,Mesurées,4,Malveillance,Non,,,,
2024,22563,2B,2B190,Olmi-Cappella,2024-08-29 16:16:00,200,0,200,0,0,0,,,,,Estimées,,Naturelle,Non,,,,
2024,29288,25,25370,Mathay,2024-08-29 16:40:20,100,100,,0,0,0,,,,,Estimées,,,Non,0,0,0,
2024,22417,34,34113,Gigean,2024-08-29 17:10:00,547,547,0,0,0,0,,,,,Mesurées,4,Malveillance,Non,,,,
2024,22562,2B,2B235,Pioggiola,2024-08-29 17:51:00,180000,0,180000,0,0,0,,,,,Estimées,1,Naturelle,Non,,,,
2024,29287,25,25434,Ornans,2024-08-29 19:21:23,100,100,,0,0,0,,,,,Estimées,,,Non,0,0,0,
2024,28813,7,7111,Juvinas,2024-08-29 20:25:00,400,400,0,0,0,0,,,,,Estimées,3,Malveillance,Non,,,,
2024,22379,11,11170,Gruissan,2024-08-29 20:58:00,2,0,2,0,0,0,,,,,Mesurées,,,Non,,,,
2024,27417,77,77490,Vendrest,2024-08-29 21:55:00,1,1,,0,0,0,,,,,Estimées,,,Non,,,,
2024,22564,2B,2B124,Ghisoni,2024-08-30 07:30:00,20,0,20,0,0,0,,,,,Estimées,,,Non,,,,
2024,26668,87,87161,Saint-Léonard-de-Noblat,2024-08-30 10:36:49,2,2,,0,0,0,,,,,Mesurées,,,Non,0,0,0,
2024,22452,6,6085,Mougins,2024-08-30 11:53:00,500,0,500,0,0,0,,,,,Estimées,,,Non,,,,
2024,24873,11,11397,Trèbes,2024-08-30 14:38:00,1000,0,1000,0,0,0,,,,,Mesurées,,Malveillance,Non,,,,
2024,22453,6,6065,La Gaude,2024-08-30 14:41:00,10,0,10,0,0,0,,,,,Estimées,,Involontaire (particulier),Non,,,,
2024,22412,34,34265,Saint-Jean-de-Cornies,2024-08-30 14:51:00,266,266,0,0,0,0,,,,,Mesurées,2,Malveillance,Non,,,,
2024,26669,87,87153,Saint-Julien-le-Petit,2024-08-30 14:53:11,200,200,,0,0,0,,,,,Mesurées,,,Non,0,0,0,
2024,22410,34,34263,Saint-Hilaire-de-Beauvoir,2024-08-30 15:32:00,11323,11323,0,0,0,0,,,,,Mesurées,4,Malveillance,Non,,,,
2024,25154,50,50002,Agneaux,2024-08-30 16:05:00,1200,1200,,0,0,0,,,,,Mesurées,,Malveillance,Non,,,,
2024,22259,81,81192,Murat-sur-Vèbre,2024-08-30 17:49:00,200,200,,0,0,0,,,,,Estimées,,Accidentelle,Non,,,,
2024,22587,34,34284,Saint-Pons-de-Thomières,2024-08-30 17:55:00,210,210,0,0,0,0,,,,,Mesurées,2,Accidentelle,Non,,,,
2024,28806,7,7066,Chomérac,2024-08-31 02:59:00,200,0,200,0,0,0,,,,,Estimées,5,,Non,,,,
2024,27054,40,40304,Soorts-Hossegor,2024-08-31 05:02:00,10,10,,0,0,0,,,,,Estimées,,,Non,0,0,0,
2024,22566,2B,2B305,San-Martino-di-Lota,2024-08-31 12:35:00,100,0,100,0,0,0,,,,,Estimées,,,Non,,,,
2024,22402,34,34116,Grabels,2024-08-31 12:43:00,176,176,0,0,0,0,,,,,Mesurées,4,Malveillance,Non,,,,
2024,22261,43,43121,Léotoing,2024-08-31 16:19:00,13500,13500,,0,0,0,,,,,Estimées,,,Non,,,,
2024,28844,7,7257,Saint-Julien-le-Roux,2024-08-31 17:13:00,10000,0,10000,0,0,0,,,,,Estimées,5,Involontaire (particulier),Non,,,,
2024,22401,34,34139,Lieuran-lès-Béziers,2024-08-31 18:53:00,1030,1030,0,0,0,0,,,,,Mesurées,3,,Non,,,,
2024,27066,40,40287,Sanguinet,2024-08-31 18:58:00,8750,8750,,0,0,0,,,,,Estimées,,Naturelle,Non,0,0,0,
2024,28815,7,7296,Saint-Sernin,2024-08-31 19:42:00,400,0,400,0,0,0,,,,,Estimées,5,Involontaire (particulier),Non,,,,
2024,27196,2A,2A119,Frasseto,2024-09-01 03:04:00,150,0,150,0,0,0,,,,,Estimées,,Malveillance,Non,,,,
2024,23073,74,74104,Doussard,2024-09-01 06:22:00,30,30,,0,0,0,,,,,Estimées,,,Non,,,,
2024,29283,25,25539,Seloncourt,2024-09-01 08:32:55,100,50,,0,50,0,,,,,Estimées,,,Non,0,0,0,
2024,22570,2B,2B007,Albertacce,2024-09-01 16:00:00,1600,0,1600,0,0,0,,,,,Estimées,,Naturelle,Non,,,,
2024,29804,83,83069,Hyères,2024-09-01 16:40:00,27,27,0,0,0,0,,,,,Estimées,,,Non,,,,Données partielles ou non valides
2024,22771,13,13050,Lambesc,2024-09-01 16:54:00,80,80,0,0,0,0,,,,,Mesurées,1,,Non,,,,
2024,22396,34,34066,Cazevieille,2024-09-01 20:33:00,138,0,138,0,0,0,,,,,Mesurées,1,Malveillance,Non,,,,
2024,22598,6,6079,Mandelieu-la-Napoule,2024-09-02 11:25:00,2000,0,2000,0,0,0,,,,,Estimées,,,Non,,,,
2024,22894,13,13055,Marseille,2024-09-02 14:45:00,2000,0,2000,0,0,0,,,,,Estimées,1,,Non,,,,
2024,28143,84,84078,Mondragon,2024-09-02 15:45:00,2600,2600,0,0,0,0,,,,,Mesurées,4,Naturelle,Non,,,,
2024,22599,6,6007,Auribeau-sur-Siagne,2024-09-02 16:18:00,50,0,50,0,0,0,,,,,Estimées,,Naturelle,Non,,,,
2024,22858,34,34016,Aumelas,2024-09-02 17:11:00,11484,11484,0,0,0,0,,,,,Mesurées,1,Malveillance,Non,,,,
2024,26555,17,17077,Cercoux,2024-09-02 17:16:00,10000,10000,,0,0,0,,,,,Estimées,,Naturelle,Non,,,,
2024,28555,30,30349,Vic-le-Fesq,2024-09-02 17:24:00,3777,3777,,,,,,,,,Mesurées,,Involontaire (particulier),Non,,,,
2024,22600,6,6064,Gattières,2024-09-02 17:31:00,2,0,2,0,0,0,,,,,Estimées,,Naturelle,Non,,,,
2024,22601,6,6032,Cap-d'Ail,2024-09-02 17:47:00,11400,0,11400,0,0,0,,,,,Estimées,,Naturelle,Non,,,,
2024,22668,18,18285,Villeneuve-sur-Cher,2024-09-02 18:55:00,4000,4000,,0,0,0,,,,,Estimées,,,Non,,,,
2024,24879,11,11069,Carcassonne,2024-09-02 20:24:00,300,0,300,0,0,0,,,,,Mesurées,,,Non,,,,
2024,28827,7,7254,Saint-Julien-du-Serre,2024-09-02 23:34:00,2000,2000,0,0,0,0,,,,,Estimées,4,,Non,,,,
2024,22855,34,34341,Villeveyrac,2024-09-03 02:11:00,154,0,154,0,0,0,,,,,Mesurées,1,Malveillance,Non,,,,
2024,22602,6,6147,Tourrette-Levens,2024-09-03 12:15:00,700,700,0,0,0,0,,,,,Estimées,,Naturelle,Non,,,,
2024,22769,13,13101,Saint-Savournin,2024-09-03 14:40:00,200,200,0,0,0,0,,,,,Mesurées,1,Naturelle,Non,,,,
2024,28246,84,84038,Cheval-Blanc,2024-09-03 17:09:00,2400,200,2200,0,0,0,,,,,Mesurées,1,Naturelle,Non,,,,
2024,22770,13,13066,Noves,2024-09-03 19:02:00,10,10,0,0,0,0,,,,,Mesurées,1,Accidentelle,Non,,,,
2024,23075,74,74161,Marcellaz-Albanais,2024-09-03 19:09:00,20,20,,0,0,0,,,,,Estimées,,Accidentelle,Non,,,,
2024,22768,13,13011,Les Baux-de-Provence,2024-09-03 19:29:00,300,300,0,0,0,0,,,,,Mesurées,1,Naturelle,Non,,,,
2024,22823,4,4086,Faucon-de-Barcelonnette,2024-09-03 19:38:00,6,6,0,0,0,0,,,,,Mesurées,4,,Non,,,,
2024,28146,84,84050,Gordes,2024-09-04 10:10:00,2,2,0,0,0,0,,,,,Estimées,,,Non,,,,
2024,22766,13,13005,Aubagne,2024-09-04 14:02:00,2,2,0,0,0,0,,,,,Mesurées,1,Naturelle,Non,,,,
2024,22767,13,13051,Lançon-Provence,2024-09-04 15:27:00,20,20,0,0,0,0,,,,,Mesurées,1,Naturelle,Non,,,,
2024,27200,2A,2A198,Ota,2024-09-05 07:49:00,800,0,800,0,0,0,,,,,Estimées,,Naturelle,Non,,,,
2024,27201,2A,2A254,Quenza,2024-09-05 09:56:00,10,0,10,0,0,0,,,,,Estimées,,Naturelle,Non,,,,
2024,29279,25,25564,Torpes,2024-09-05 13:09:38,100,100,,0,0,0,,,,,Estimées,,,Non,0,0,0,
2024,22836,34,34032,Béziers,2024-09-06 13:36:00,491,0,491,0,0,0,,,,,Mesurées,1,Involontaire (travaux),Non,,,,
2024,28154,84,84040,Crestet,2024-09-07 14:25:00,5,5,0,0,0,0,,,,,Estimées,,,Non,,,,
2024,28799,7,7102,Guilherand-Granges,2024-09-07 15:47:00,100,0,100,0,0,0,,,,,Estimées,5,Malveillance,Non,,,,
2024,24883,11,11069,Carcassonne,2024-09-07 16:35:00,5000,0,5000,0,0,0,,,,,Mesurées,,,Non,,,,
2024,28566,30,30209,Pujaut,2024-09-07 16:51:00,2806,2806,,,,,,,,,Mesurées,,,Non,,,,
2024,22827,26,26278,La Roche-sur-le-Buis,2024-09-07 17:29:00,10000,10000,0,0,0,0,,,,,Estimées,,,Non,,,,
2024,24884,11,11310,Rennes-les-Bains,2024-09-07 17:55:00,5,5,,,,,,,,,Mesurées,,,Non,0,0,0,
2024,28155,84,84091,Piolenc,2024-09-07 18:07:00,1,1,0,0,0,0,,,,,Estimées,,,Non,,,,
2024,24885,11,11117,Davejean,2024-09-07 22:06:00,30,30,,,,,,,,,Mesurées,,,Non,0,0,0,
2024,24886,11,11053,Brugairolles,2024-09-07 22:44:00,1000,0,1000,0,0,0,,,,,Mesurées,,,Non,,,,
2024,27202,2A,2A089,Ciamannacce,2024-09-08 13:42:00,10,0,10,0,0,0,,,,,Estimées,,Malveillance,Non,,,,
2024,22961,66,66010,Ayguatébia-Talau,2024-09-09 13:38:00,20,20,0,0,0,0,,,,,Estimées,,Accidentelle,Non,,,,
2024,22965,66,66046,Caudiès-de-Fenouillèdes,2024-09-09 23:34:00,80000,0,80000,0,0,0,,,,,Estimées,,Malveillance,Non,,,,
2024,22966,66,66014,Baixas,2024-09-10 05:16:00,17200,0,17200,0,0,0,,,,,Mesurées,,Malveillance,Non,,,,
2024,24890,11,11262,Narbonne,2024-09-10 15:26:00,751162,0,751162,0,0,0,,,,,Mesurées,,Malveillance,Non,,,,
2024,29278,25,25258,Franois,2024-09-10 15:38:56,100,100,,0,0,0,,,,,Estimées,,,Non,0,0,0,
2024,24891,11,11099,Conques-sur-Orbiel,2024-09-10 17:09:00,16,0,16,0,0,0,,,,,Mesurées,,,Non,,,,
2024,23890,13,13056,Martigues,2024-09-10 20:39:00,500,500,0,0,0,0,,,,,Mesurées,1,Malveillance,Non,,,,
2024,24892,11,11257,Monze,2024-09-10 22:49:00,30,0,30,0,0,0,,,,,Mesurées,,,Non,,,,
2024,22915,6,6049,Courmes,2024-09-11 14:51:00,400,0,400,0,0,0,,,,,Estimées,1,,Non,,,,
2024,24897,11,11441,Vinassan,2024-09-11 21:03:00,950,950,0,0,0,0,,,,,Mesurées,3,Malveillance,Non,,,,
2024,22974,66,66033,Camélas,2024-09-12 14:38:00,2310700,0,1548800,628700,0,133200,,,,,Mesurées,,Accidentelle,Oui,0,0,1,
2024,23079,2B,2B039,Bisinchi,2024-09-12 18:57:00,10700,0,10700,0,0,0,,,,,Estimées,1,Malveillance,Non,,,,
2024,23138,34,34311,Tourbes,2024-09-13 17:54:00,24,0,24,0,0,0,,,,,Mesurées,1,Involontaire (travaux),Non,,,,
2024,23892,13,13056,Martigues,2024-09-13 21:42:00,100,100,0,0,0,0,,,,,Mesurées,1,Malveillance,Non,,,,
2024,22979,66,66060,Corsavy,2024-09-13 23:29:00,100,100,0,0,0,0,,,,,Estimées,,Accidentelle,Non,,,,
2024,23136,34,34184,Nizas,2024-09-14 09:45:00,67303,20000,47303,0,0,0,,,,,Mesurées,1,Malveillance,Non,,,,
2024,23893,13,13039,Fos-sur-Mer,2024-09-14 13:53:00,50,50,0,0,0,0,,,,,Mesurées,1,Involontaire (particulier),Non,,,,
2024,23132,34,34334,Vieussan,2024-09-14 14:26:00,78,0,78,0,0,0,,,,,Mesurées,1,Involontaire (particulier),Non,,,,
2024,28833,7,7072,Coux,2024-09-14 15:43:00,5000,0,5000,0,0,0,,,,,Estimées,5,,Non,,,,
2024,23128,34,34334,Vieussan,2024-09-14 18:17:00,768,768,0,0,0,0,,,,,Mesurées,4,Malveillance,Non,,,,
2024,23121,34,34158,Minerve,2024-09-15 12:37:00,512700,0,512700,0,0,0,,,,,Mesurées,1,Malveillance,Non,,,,
2024,26838,33,33383,Saint-Christoly-Médoc,2024-09-15 13:51:06,30,30,,0,0,0,,,,,Estimées,,,Non,0,0,0,
2024,23895,13,13063,Miramas,2024-09-15 14:40:00,1500,1500,0,0,0,0,,,,,Mesurées,1,Malveillance,Non,,,,
2024,24433,12,12232,Saint-Jean-et-Saint-Paul,2024-09-15 16:52:00,5,5,,0,0,0,,,,,Estimées,,,Non,,,,
2024,23111,34,34023,Balaruc-les-Bains,2024-09-15 17:32:00,9891,0,9891,0,0,0,,,,,Mesurées,1,Malveillance,Non,,,,
2024,28583,30,30135,Jonquières-Saint-Vincent,2024-09-15 18:06:00,58732,58732,0,0,0,0,,,,,Mesurées,,Malveillance,Non,,,,
2024,24909,11,11069,Carcassonne,2024-09-15 20:27:00,6833,6833,0,0,0,0,,,,,Mesurées,,,Non,,,,
2024,23897,13,13056,Martigues,2024-09-16 03:22:00,300,300,0,0,0,0,,,,,Mesurées,1,Malveillance,Non,,,,
2024,27057,40,40157,Lit-et-Mixe,2024-09-16 05:06:00,600,600,,0,0,0,,,,,Estimées,,Involontaire (travaux),Non,0,0,0,
2024,23093,48,48173,Saint-Michel-de-Dèze,2024-09-16 12:32:00,2600,2600,0,0,0,0,,,,,Mesurées,1,,,,,,Données partielles ou non valides
2024,23401,34,34162,Montagnac,2024-09-16 17:18:00,114215,0,114215,0,0,0,,,,,Mesurées,1,Malveillance,Non,,,,
2024,23898,13,13056,Martigues,2024-09-16 19:00:00,300,300,0,0,0,0,,,,,Mesurées,1,Malveillance,Non,,,,
2024,23333,66,66136,Perpignan,2024-09-16 19:11:00,20000,0,20000,0,0,0,,,,,Estimées,,Malveillance,Non,,,,
2024,24911,11,11397,Trèbes,2024-09-16 19:22:00,62476,0,62476,0,0,0,,,,,Mesurées,,Malveillance,Non,,,,
2024,23896,13,13039,Fos-sur-Mer,2024-09-16 23:40:00,50,50,0,0,0,0,,,,,Mesurées,1,Malveillance,Non,,,,
2024,24913,11,11206,Limoux,2024-09-17 16:31:00,3000,0,1000,0,2000,0,,,,,Mesurées,,,Non,,,,
2024,24915,11,11293,Pomas,2024-09-18 00:48:00,1,1,0,0,0,0,,,,,Mesurées,,,Non,,,,
2024,24917,11,11397,Trèbes,2024-09-18 09:28:00,30,0,30,0,0,0,,,,,Mesurées,,,Non,,,,
2024,24919,11,11363,Saint-Pierre-des-Champs,2024-09-18 16:45:00,100,0,100,0,0,0,,,,,Mesurées,,,Non,,,,
2024,24920,11,11413,Villardonnel,2024-09-18 19:50:00,20,0,20,0,0,0,,,,,Mesurées,,,Non,,,,
2024,24921,11,11146,Floure,2024-09-19 00:20:00,500,0,500,0,0,0,,,,,Mesurées,,,Non,,,,
2024,23797,974,97415,Saint-Paul,2024-09-19 14:55:00,2000,2000,,0,0,0,,,,,Estimées,,,Non,,,,
2024,25157,50,50002,Agneaux,2024-09-19 15:43:00,300,300,,0,0,0,,,,,Estimées,,Malveillance,Non,,,,
2024,23899,13,13080,Le Puy-Sainte-Réparade,2024-09-19 16:05:00,600,600,0,0,0,0,,,,,Mesurées,1,Involontaire (particulier),Non,,,,
2024,23303,4,4058,Claret,2024-09-19 17:07:00,300,300,0,0,0,0,,,,,Estimées,,Accidentelle,Non,,,,
2024,28834,7,7113,Labastide-de-Virac,2024-09-20 15:40:00,5000,0,5000,0,0,0,,,,,Estimées,5,,Non,,,,
2024,27423,77,77186,Fontainebleau,2024-09-20 16:00:00,500,500,,0,0,0,,,,,Estimées,,,Non,,,,
2024,28762,7,7232,Saint-Étienne-de-Lugdarès,2024-09-20 16:04:00,10,0,10,0,0,0,,,,,Estimées,5,,Non,,,,
2024,24926,11,11071,Cascastel-des-Corbières,2024-09-21 11:58:00,2500,0,2500,0,0,0,,,,,Mesurées,,Malveillance,Non,,,,
2024,29226,25,25541,Septfontaines,2024-09-21 13:06:00,10000,10000,,0,0,0,,,,,Estimées,,Involontaire (travaux),Non,,,,
2024,23378,34,34147,Magalas,2024-09-21 14:16:00,74246,0,74246,0,0,0,,,,,Mesurées,1,,Non,,,,
2024,28775,7,7281,Saint-Péray,2024-09-21 14:49:00,20,20,0,0,0,0,,,,,Estimées,3,Malveillance,Non,,,,
2024,24093,1,1323,Reyssouze,2024-09-21 15:14:00,10250,250,,10000,0,0,,,,,Estimées,,Malveillance,Non,,,,
2024,28789,7,7281,Saint-Péray,2024-09-21 15:24:00,40,40,0,0,0,0,,,,,Estimées,3,Malveillance,Non,,,,
2024,26844,33,33203,Hourtin,2024-09-21 17:01:12,2,2,,0,0,0,,,,,Estimées,,Naturelle,Non,0,0,0,
2024,23347,66,66069,Espira-de-l'Agly,2024-09-21 17:34:00,10000,10000,0,0,0,0,,,,,Estimées,,Involontaire (particulier),Non,,,,
2024,27425,77,77186,Fontainebleau,2024-09-24 15:03:00,2,2,,0,0,0,,,,,Estimées,,,Non,,,,
2024,24354,53,53219,Saint-Georges-Buttavent,2024-09-25 16:07:00,1000,500,,500,0,0,,,,,Estimées,,Accidentelle,Non,,,,
2024,23907,34,34284,Saint-Pons-de-Thomières,2024-09-28 09:09:00,627,627,0,0,0,0,,,,,Mesurées,4,Involontaire (particulier),Non,,,,
2024,24937,11,11069,Carcassonne,2024-09-28 11:47:00,1560,1560,,,,,,,,,Mesurées,,,Non,0,0,0,
2024,24939,11,11043,Bouilhonnac,2024-09-28 14:39:00,4345,0,4345,0,0,0,,,,,Mesurées,,,Non,,,,
2024,24940,11,11037,Berriac,2024-09-28 18:24:00,20000,5000,15000,0,0,0,,,,,Mesurées,,,Non,,,,
2024,28608,30,30221,Roquemaure,2024-09-29 02:07:00,135,135,,,,,,,,,Mesurées,1,Malveillance,Non,,,,
2024,28609,30,30221,Roquemaure,2024-09-29 02:07:00,190,190,,,,,,,,,Mesurées,2,Malveillance,Non,,,,
2024,24942,11,11116,Cuxac-d'Aude,2024-09-29 19:03:00,500,500,0,0,0,0,,,,,Mesurées,3,Malveillance,Non,,,,
2024,28177,84,84147,Villelaure,2024-09-30 02:34:00,500,500,0,0,0,0,,,,,Estimées,,Involontaire (particulier),Non,,,,
2024,29809,83,83002,Aiguines,2024-10-01 00:00:00,714229,0,22900,691300,0,29,,,,,Mesurées,,,,,,,Données partielles ou non valides
2024,23922,974,97412,Saint-Joseph,2024-10-01 10:47:00,10,10,,0,0,0,,,,,Mesurées,,,Non,,,,
2024,23971,2B,2B039,Bisinchi,2024-10-02 16:26:00,2000,0,2000,0,0,0,,,,,Estimées,,,Non,,,,
2024,24946,11,11227,Mayronnes,2024-10-03 06:48:00,10,10,0,0,0,0,,,,,Mesurées,2,Accidentelle,Non,,,,
2024,25925,13,13016,La Bouilladisse,2024-10-03 09:16:00,20,20,0,0,0,0,,,,,Estimées,1,,Non,,,,
2024,24350,53,53162,Moulay,2024-10-03 13:17:00,100,100,,0,0,0,,,,,Estimées,,Involontaire (particulier),Non,,,,
2024,24027,34,34186,Octon,2024-10-03 15:00:00,27053,27053,0,0,0,0,,,,,Estimées,1,Malveillance,Non,,,,
2024,24026,34,34143,Loupian,2024-10-03 15:46:00,704,0,704,0,0,0,,,,,Mesurées,,Malveillance,Non,,,,
2024,24186,56,56130,Merlevenez,2024-10-04 09:08:00,300,300,,0,0,0,,,,,Estimées,,,Non,,,,
2024,26845,33,33070,Brach,2024-10-04 22:53:39,20,20,,0,0,0,,,,,Estimées,,Malveillance,Non,0,0,0,
2024,24948,11,11043,Bouilhonnac,2024-10-05 16:55:00,4750,0,4750,0,0,0,,,,,Mesurées,,,Non,,,,
2024,24011,34,34093,Dio-et-Valquières,2024-10-05 17:55:00,11391,11391,0,0,0,0,,,,,Mesurées,1,Involontaire (travaux),Non,,,,
2024,25935,73,73084,Chignin,2024-10-06 18:54:00,90,90,,0,0,0,,,,,Mesurées,,,Non,,,,
2024,24952,11,11368,Sallèles-Cabardès,2024-10-09 18:05:00,100,0,100,0,0,0,,,,,Mesurées,,,Non,,,,
2024,27204,2A,2A272,Sartène,2024-10-09 20:37:00,6,0,6,0,0,0,,,,,Estimées,,Involontaire (travaux),Non,,,,
2024,28194,84,84034,Caumont-sur-Durance,2024-10-10 19:50:00,300,300,0,0,0,0,,,,,Estimées,,,Non,,,,
2024,24957,11,11037,Berriac,2024-10-11 19:04:00,1500,0,1500,0,0,0,,,,,Mesurées,3,Involontaire (travaux),Non,,,,
2024,24088,2B,2B123,Ghisonaccia,2024-10-12 16:41:00,500,0,500,0,0,0,,,,,Estimées,,,Non,,,,
2024,24275,34,34286,Saint-Privat,2024-10-15 12:14:00,188,0,188,0,0,0,,,,,Mesurées,1,Malveillance,Non,,,,
2024,24962,11,11102,Couffoulens,2024-10-17 20:19:00,20,0,20,0,0,0,,,,,Mesurées,1,Involontaire (travaux),Non,,,,
2024,25926,13,13063,Miramas,2024-10-18 20:35:00,50,50,0,0,0,0,,,,,Estimées,1,Malveillance,Non,,,,
2024,24286,2B,2B095,Corscia,2024-10-20 15:16:00,100,0,100,0,0,0,,,,,Estimées,,,Non,,,,
2024,29812,30,30189,Nîmes,2024-10-20 22:09:00,4,0,4,0,0,0,,,,,Mesurées,1,,Non,,,,
2024,24964,11,11122,Douzens,2024-10-21 15:05:00,3000,0,3000,0,0,0,,,,,Mesurées,1,Accidentelle,Non,,,,
2024,24965,11,11055,Bugarach,2024-10-21 18:54:00,30,0,30,0,0,0,,,,,Mesurées,1,Involontaire (travaux),Non,,,,
2024,29272,25,25285,Grand'Combe-Châteleu,2024-10-21 19:07:28,100,100,,0,0,0,,,,,Estimées,,,Non,0,0,0,
2024,25223,74,74138,Gruffy,2024-10-27 01:33:00,1,1,,0,0,0,,,,,Estimées,,,Non,,,,
2024,24645,15,15119,Massiac,2024-10-29 16:53:00,2,2,,0,0,0,,,,,Estimées,,Involontaire (travaux),Non,,,,
2024,26609,10,10231,Le Mériot,2024-10-31 16:41:00,50,50,,0,0,0,,,,,Estimées,,,Non,,,,
2024,27427,77,77186,Fontainebleau,2024-11-03 15:00:00,1,1,,0,0,0,,,,,Estimées,,,Non,,,,
2024,24977,11,11411,Villanière,2024-11-04 20:53:00,100,0,100,0,0,0,,,,,Mesurées,1,Accidentelle,Non,,,,
2024,25927,13,13044,Grans,2024-11-05 19:05:00,40,40,0,0,0,0,,,,,Estimées,1,,Non,,,,
2024,27206,2A,2A310,Santa-Maria-Figaniella,2024-11-06 17:14:00,10,0,10,0,0,0,,,,,Estimées,,,Non,,,,
2024,24546,34,34237,Roujan,2024-11-07 19:05:00,7,0,7,0,0,0,,,,,Mesurées,1,Malveillance,Non,,,,
2024,24551,38,38061,La Buisse,2024-11-08 17:30:00,50,50,,0,0,0,,,,,Mesurées,,Involontaire (particulier),Non,,,,
2024,29225,25,25489,Reugney,2024-11-09 15:12:00,25000,25000,,0,0,0,,,,,Estimées,,Involontaire (travaux),Non,,,,
2024,27207,2A,2A040,Bocognano,2024-11-11 11:32:00,200,0,200,0,0,0,,,,,Estimées,,Involontaire (particulier),Non,,,,
2024,27067,26,26275,Rochegude,2024-11-15 14:39:00,10,0,10,0,0,0,,,,,Estimées,,,Non,,,,
2024,24680,974,97414,Saint-Louis,2024-11-15 20:10:00,2500,2500,,0,0,0,,,,,Mesurées,,,Non,,,,
2024,27208,2A,2A017,Appietto,2024-11-17 14:00:00,1000,0,1000,0,0,0,,,,,Estimées,,Malveillance,Non,,,,
2024,28213,84,84135,Uchaux,2024-11-17 14:26:10,5,5,,,,,,,,,Estimées,,,Non,,,,
2024,25014,11,11077,Castelnau-d'Aude,2024-11-19 14:01:00,6000,0,6000,0,0,0,,,,,Mesurées,1,Involontaire (travaux),Non,,,,
2024,25928,13,13063,Miramas,2024-11-19 16:04:00,600,600,0,0,0,0,,,,,Mesurées,1,Accidentelle,Oui,0,1,0,
2024,25016,11,11202,Leucate,2024-11-19 23:10:00,10,10,0,0,0,0,,,,,Mesurées,1,Accidentelle,Non,,,,
2024,27212,2A,2A092,Conca,2024-11-20 15:30:00,50,0,50,0,0,0,,,,,Estimées,,,Non,,,,
2024,24733,2B,2B225,Pietra-di-Verde,2024-11-20 15:32:00,220000,0,220000,0,0,0,,,,,Estimées,1,Accidentelle,Non,,,,
2024,27210,2A,2A288,Sotta,2024-11-20 17:07:00,100,0,100,0,0,0,,,,,Estimées,,Involontaire (particulier),Non,,,,
2024,24736,2B,2B111,Felce,2024-11-22 02:28:00,1000,0,1000,0,0,0,,,,,Estimées,,,Non,,,,
2024,24737,2B,2B334,Valle-d'Alesani,2024-11-22 02:30:00,6000,0,6000,0,0,0,,,,,Estimées,1,,Non,,,,
2024,25022,11,11262,Narbonne,2024-11-23 17:22:00,5,5,0,0,0,0,,,,,Mesurées,4,Involontaire (particulier),Non,,,,
2024,25023,11,11223,Mas-des-Cours,2024-11-23 19:55:00,15,0,15,0,0,0,,,,,Mesurées,,Involontaire (travaux),Non,,,,
2024,24738,2B,2B309,Santa-Maria-di-Lota,2024-11-24 14:52:00,1050,0,1050,0,0,0,,,,,Estimées,,,Non,,,,
2024,27068,26,26357,Tulette,2024-11-24 18:12:00,3000,0,3000,0,0,0,,,,,Estimées,,,Non,,,,
2024,25737,66,66020,Bolquère,2024-11-27 09:27:00,16,16,0,0,0,0,,,,,Estimées,,Involontaire (particulier),Non,,,,
2024,25740,66,66062,Dorres,2024-11-30 12:32:00,50,50,0,0,0,0,,,,,Estimées,,Involontaire (travaux),Non,,,,
2024,25870,11,11004,Alaigne,2024-11-30 15:23:00,4200,200,0,0,4000,0,,,,,Mesurées,2,Involontaire (particulier),Non,,,,
2024,28867,19,19068,Dampniat,2024-11-30 17:53:31,4,4,,0,0,0,,,,,Mesurées,,,Non,0,0,0,
2024,29240,976,97606,Chirongui,2024-12-02 06:15:00,12500,12500,,0,0,0,,,,,Mesurées,,Malveillance,Non,,,,
2024,24859,34,34250,Saint-Étienne-d'Albagnan,2024-12-05 11:30:00,5922,5922,0,0,0,0,,,,,Estimées,3,Involontaire (travaux),Non,,,,
2024,28218,84,84078,Mondragon,2024-12-05 11:59:00,1,1,0,0,0,0,,,,,Estimées,,,Non,,,,
2024,25887,11,11012,Argeliers,2024-12-06 17:22:00,5000,0,5000,0,0,0,,,,,Mesurées,1,Involontaire (particulier),Non,,,,
2024,24849,34,34337,Villeneuve-lès-Maguelone,2024-12-07 15:55:00,1391,0,1391,0,0,0,,,,,Mesurées,1,Accidentelle,Non,,,,
2024,24846,34,34058,Castries,2024-12-07 17:55:00,60,0,60,0,0,0,,,,,Mesurées,1,Involontaire (travaux),Non,,,,
2024,25890,11,11262,Narbonne,2024-12-10 13:29:00,2000,0,2000,0,0,0,,,,,Mesurées,,,Non,,,,
2024,29254,25,25056,Besançon,2024-12-10 16:48:00,100,100,,0,0,0,,,,,Estimées,,,Non,,,,
2024,29241,976,97610,Koungou,2024-12-11 07:00:00,50000,50000,,0,0,0,,,,,Estimées,,Malveillance,Non,,,,
2024,25226,74,74035,Bloye,2024-12-12 03:03:00,1,1,,0,0,0,,,,,Estimées,,,Non,,,,
2024,25120,34,34109,Gabian,2024-12-14 18:38:00,132,132,0,0,0,0,,,,,Mesurées,2,Involontaire (travaux),Non,,,,
2024,25134,6,6030,Le Cannet,2024-12-15 04:21:00,50,0,50,0,0,0,,,,,Mesurées,1,,Non,,,,
2024,28225,84,84008,Le Barroux,2024-12-15 08:55:00,1,1,0,0,0,0,,,,,Estimées,,,Non,,,,
2024,25119,6,6157,Vence,2024-12-15 15:37:00,100,100,0,0,0,0,,,,,Estimées,4,,Non,,,,
2024,25221,6,6148,Tourrettes-sur-Loup,2024-12-16 13:57:00,50,0,50,0,0,0,,,,,Estimées,1,,Non,,,,
2024,25370,34,34162,Montagnac,2024-12-20 17:55:00,3900,0,3900,0,0,0,,,,,Mesurées,1,Malveillance,Non,,,,
2024,25899,11,11043,Bouilhonnac,2024-12-21 10:35:00,10,0,10,0,0,0,,,,,Mesurées,,,Non,,,,
2024,25964,974,97414,Saint-Louis,2024-12-21 15:16:00,130000,130000,,0,0,0,,,,,Mesurées,,,Non,,,,
2024,25777,6,6074,Lantosque,2024-12-21 15:18:00,400,0,400,0,0,0,,,,,Estimées,1,,Non,,,,
2024,25778,6,6060,Falicon,2024-12-22 14:46:00,2000,0,2000,0,0,0,,,,,Estimées,1,,Non,,,,
2024,25476,34,34014,Assas,2024-12-24 15:33:00,1382,0,1382,0,0,0,,,,,Mesurées,1,Involontaire (travaux),Non,,,,
2024,27071,26,26170,Malissard,2024-12-24 17:01:00,2,0,2,0,0,0,,,,,Estimées,,,Non,,,,
2024,25787,2B,2B340,Velone-Orneto,2024-12-26 13:44:00,30000,0,30000,0,0,0,,,,,Estimées,1,,Non,,,,
2024,25780,6,6104,Roquebrune-Cap-Martin,2024-12-27 13:21:00,1200,0,1200,0,0,0,,,,,Estimées,1,Involontaire (travaux),Non,,,,
2024,28238,84,84083,Mornas,2024-12-27 21:24:00,150,150,0,0,0,0,,,,,Estimées,,,Non,,,,
2024,29813,30,30040,Blandas,2024-12-28 12:37:00,20812,0,20812,0,0,0,,,,,Mesurées,1,Involontaire (particulier),Non,,,,
2024,25781,6,6074,Lantosque,2024-12-28 19:24:00,500,0,500,0,0,0,,,,,Estimées,1,,Non,,,,
2024,26495,974,97421,Salazie,2024-12-29 11:28:00,9060,9060,,0,0,0,,,,,Estimées,,,Non,,,,
2024,25459,34,34040,Brenas,2024-12-29 12:51:00,285,0,285,0,0,0,,,,,Mesurées,,Malveillance,Non,,,,
2024,27169,4,4166,Riez,2024-12-29 15:15:00,2000,2000,0,0,0,0,,,,,Estimées,,Involontaire (particulier),,,,,Données partielles ou non valides
